2026-09-30T23:21:29Z	50427104	0.00	17112	11.51GiB / 32GiB
2026-09-30T23:21:35Z	50394856	0.00	17112	11.51GiB / 32GiB
2026-09-30T23:21:41Z	50449600	0.00	17112	11.51GiB / 32GiB
2026-09-30T23:21:47Z	50464096	0.00	17112	11.51GiB / 32GiB
2026-09-30T23:21:53Z	50430076	0.00	17112	11.51GiB / 32GiB
2026-09-30T23:21:59Z	50442880	0.00	17112	11.51GiB / 32GiB
2026-09-30T23:22:05Z	50430964	0.00	17112	11.51GiB / 32GiB
2026-09-30T23:22:11Z	50426300	0.00	17112	11.51GiB / 32GiB
2026-09-30T23:22:17Z	50367164	0.00	17112	11.51GiB / 32GiB
2026-09-30T23:22:23Z	50354052	0.00	17112	11.51GiB / 32GiB
2026-09-30T23:22:29Z	50422120	0.00	17112	11.51GiB / 32GiB
2026-09-30T23:22:35Z	50427368	0.00	17112	11.51GiB / 32GiB
2026-09-30T23:22:41Z	50469352	0.00	17112	11.51GiB / 32GiB
2026-09-30T23:22:47Z	50478756	0.00	17112	11.51GiB / 32GiB
2026-09-30T23:22:53Z	50466576	0.00	17112	11.51GiB / 32GiB
2026-09-30T23:22:59Z	50456964	0.00	17112	11.51GiB / 32GiB
2026-09-30T23:23:06Z	50428348	0.00	17112	11.51GiB / 32GiB
2026-09-30T23:23:12Z	50464720	0.00	17112	11.51GiB / 32GiB
2026-09-30T23:23:18Z	50458028	0.00	17112	11.51GiB / 32GiB
2026-09-30T23:23:24Z	50461112	0.00	17112	11.51GiB / 32GiB
2026-09-30T23:23:30Z	50454920	0.00	17112	11.51GiB / 32GiB
2026-09-30T23:23:36Z	50432116	0.00	17112	11.51GiB / 32GiB
2026-09-30T23:23:42Z	50455144	0.00	17112	11.51GiB / 32GiB
2026-09-30T23:23:48Z	50438512	0.00	17112	11.51GiB / 32GiB
2026-09-30T23:23:54Z	50435356	0.00	17112	11.51GiB / 32GiB
2026-09-30T23:24:00Z	50417584	0.00	17112	11.51GiB / 32GiB
2026-09-30T23:24:06Z	50458568	0.00	17112	11.51GiB / 32GiB
2026-09-30T23:24:12Z	50475736	0.00	17112	11.51GiB / 32GiB
2026-09-30T23:24:18Z	50439228	0.00	17112	11.51GiB / 32GiB
2026-09-30T23:24:24Z	50448568	0.00	17112	11.51GiB / 32GiB
2026-09-30T23:24:30Z	50422108	0.00	17112	11.51GiB / 32GiB
2026-09-30T23:24:36Z	50460904	0.00	17112	11.51GiB / 32GiB
2026-09-30T23:24:42Z	50454644	0.00	17112	11.51GiB / 32GiB
2026-09-30T23:24:48Z	50449740	0.00	17112	11.51GiB / 32GiB
2026-09-30T23:24:54Z	50438464	0.00	17112	11.51GiB / 32GiB
2026-09-30T23:25:01Z	50417692	0.00	17112	11.51GiB / 32GiB
2026-09-30T23:25:07Z	50388860	0.00	17112	11.51GiB / 32GiB
2026-09-30T23:25:13Z	50418372	0.00	17112	11.51GiB / 32GiB
2026-09-30T23:25:19Z	50463572	0.00	17112	11.51GiB / 32GiB
2026-09-30T23:25:25Z	50431152	0.00	17112	11.51GiB / 32GiB
2026-09-30T23:25:31Z	50437684	0.00	17112	11.51GiB / 32GiB
2026-09-30T23:25:37Z	50430960	0.00	17112	11.51GiB / 32GiB
2026-09-30T23:25:43Z	50442608	0.00	17112	11.51GiB / 32GiB
2026-09-30T23:25:49Z	50448072	0.00	17112	11.51GiB / 32GiB
2026-09-30T23:25:55Z	50448516	0.00	17112	11.51GiB / 32GiB
2026-09-30T23:26:01Z	50424628	0.00	17112	11.51GiB / 32GiB
2026-09-30T23:26:07Z	50339216	0.00	17112	11.51GiB / 32GiB
2026-09-30T23:26:13Z	50392596	0.00	17112	11.51GiB / 32GiB
2026-09-30T23:26:19Z	50354156	0.00	17112	11.51GiB / 32GiB
2026-09-30T23:26:25Z	50345908	0.00	17112	11.51GiB / 32GiB
2026-09-30T23:26:31Z	50365656	0.00	17112	11.51GiB / 32GiB
2026-09-30T23:26:37Z	50380684	0.00	17112	11.51GiB / 32GiB
2026-09-30T23:26:43Z	50378388	0.00	17112	11.51GiB / 32GiB
2026-09-30T23:26:49Z	50176436	0.00	17112	11.51GiB / 32GiB
2026-09-30T23:26:56Z	50153396	0.00	17112	11.51GiB / 32GiB
2026-09-30T23:27:02Z	50154704	0.00	17112	11.51GiB / 32GiB
2026-09-30T23:27:08Z	50235092	0.00	17112	11.51GiB / 32GiB
2026-09-30T23:27:14Z	50307664	0.00	17112	11.51GiB / 32GiB
2026-09-30T23:27:20Z	50283440	0.00	17112	11.51GiB / 32GiB
2026-09-30T23:27:26Z	50291336	0.00	17112	11.51GiB / 32GiB
2026-09-30T23:27:32Z	49800816	0.00	17112	11.51GiB / 32GiB
2026-09-30T23:27:38Z	49656016	0.00	17112	11.51GiB / 32GiB
2026-09-30T23:27:44Z	49242352	0.00	17112	11.51GiB / 32GiB
2026-09-30T23:27:50Z	49501480	0.00	17112	11.51GiB / 32GiB
2026-09-30T23:27:56Z	49543992	0.00	17112	11.51GiB / 32GiB
2026-09-30T23:28:02Z	49210452	0.00	17112	11.51GiB / 32GiB
2026-09-30T23:28:08Z	49456608	0.00	17112	11.51GiB / 32GiB
2026-09-30T23:28:14Z	49909912	0.00	17112	11.51GiB / 32GiB
2026-09-30T23:28:20Z	50116600	0.00	17112	11.51GiB / 32GiB
2026-09-30T23:28:26Z	50202920	0.00	17112	11.51GiB / 32GiB
2026-09-30T23:28:32Z	50091068	0.00	17112	11.51GiB / 32GiB
2026-09-30T23:28:38Z	50191276	0.00	17112	11.51GiB / 32GiB
2026-09-30T23:28:44Z	49024544	0.00	17112	11.51GiB / 32GiB
2026-09-30T23:28:50Z	46955380	0.00	17112	11.51GiB / 32GiB
2026-09-30T23:28:57Z	47069008	0.00	17112	11.51GiB / 32GiB
2026-09-30T23:29:03Z	47736796	0.00	17112	11.51GiB / 32GiB
2026-09-30T23:29:09Z	45794372	0.00	17112	576.2MiB / 32GiB
2026-09-30T23:29:15Z	46845788	0.00	17112	576.2MiB / 32GiB
2026-09-30T23:29:21Z	47145672	0.00	17112	577.1MiB / 32GiB
2026-09-30T23:29:27Z	47432288	0.00	17112	576.2MiB / 32GiB
2026-09-30T23:29:33Z	48677244	0.00	17112	576.2MiB / 32GiB
2026-09-30T23:29:39Z	49528544	0.00	17112	576.2MiB / 32GiB
2026-09-30T23:29:45Z	50506124	0.00	17112	576.2MiB / 32GiB
2026-09-30T23:29:51Z	50457124	0.00	17112	576.9MiB / 32GiB
2026-09-30T23:29:57Z	50004952	0.00	17112	576.2MiB / 32GiB
2026-09-30T23:30:03Z	49977892	0.00	17112	576.2MiB / 32GiB
