2026-10-01T01:30:02Z	51169372	0.00	9	215MiB / 32GiB
2026-10-01T01:30:08Z	50908532	0.00	274	1.32GiB / 32GiB
2026-10-01T01:30:14Z	50939440	0.00	274	2.351GiB / 32GiB
2026-10-01T01:30:20Z	51002500	0.00	274	3.367GiB / 32GiB
2026-10-01T01:30:26Z	50937632	0.00	274	4.383GiB / 32GiB
2026-10-01T01:30:32Z	51013912	0.00	274	5.383GiB / 32GiB
2026-10-01T01:30:38Z	51050564	0.00	274	6.414GiB / 32GiB
2026-10-01T01:30:44Z	50998452	0.00	274	7.43GiB / 32GiB
2026-10-01T01:30:50Z	51008284	0.00	274	8.43GiB / 32GiB
2026-10-01T01:30:56Z	50982896	0.00	274	9.477GiB / 32GiB
2026-10-01T01:31:02Z	51024440	0.00	274	10.51GiB / 32GiB
2026-10-01T01:31:08Z	50974016	0.00	11102	11.52GiB / 32GiB
2026-10-01T01:31:14Z	49685320	0.00	17290	12.44GiB / 32GiB
2026-10-01T01:31:20Z	48408152	0.00	17314	13.38GiB / 32GiB
2026-10-01T01:31:26Z	48425920	0.00	17314	13.38GiB / 32GiB
2026-10-01T01:31:32Z	48495236	0.00	17314	13.38GiB / 32GiB
2026-10-01T01:31:39Z	48579312	0.00	17314	13.38GiB / 32GiB
2026-10-01T01:31:45Z	48641496	0.00	17314	13.38GiB / 32GiB
2026-10-01T01:31:51Z	48617200	0.00	17314	13.38GiB / 32GiB
2026-10-01T01:31:57Z	48621188	0.00	17314	13.38GiB / 32GiB
2026-10-01T01:32:03Z	48604784	0.00	17314	13.38GiB / 32GiB
2026-10-01T01:32:09Z	48614924	0.00	17314	13.38GiB / 32GiB
2026-10-01T01:32:15Z	48635932	0.00	17314	13.38GiB / 32GiB
2026-10-01T01:32:21Z	48650364	0.00	17314	13.38GiB / 32GiB
2026-10-01T01:32:27Z	48648612	0.00	17314	13.38GiB / 32GiB
2026-10-01T01:32:33Z	48607324	0.00	17314	13.38GiB / 32GiB
2026-10-01T01:32:39Z	48654252	0.00	17314	13.38GiB / 32GiB
2026-10-01T01:32:45Z	48637720	0.00	17314	13.38GiB / 32GiB
2026-10-01T01:32:51Z	48664128	0.00	17314	13.38GiB / 32GiB
2026-10-01T01:32:57Z	48646304	0.00	17314	13.38GiB / 32GiB
2026-10-01T01:33:03Z	48646240	0.00	17314	13.38GiB / 32GiB
2026-10-01T01:33:09Z	48626896	0.00	17314	13.38GiB / 32GiB
2026-10-01T01:33:15Z	48659936	0.00	17314	13.38GiB / 32GiB
2026-10-01T01:33:21Z	48653200	0.00	17314	13.38GiB / 32GiB
2026-10-01T01:33:27Z	48618604	0.00	17314	13.38GiB / 32GiB
2026-10-01T01:33:33Z	48621196	0.00	17314	13.38GiB / 32GiB
2026-10-01T01:33:39Z	48613948	0.00	17314	13.38GiB / 32GiB
2026-10-01T01:33:46Z	48714996	0.00	17314	13.38GiB / 32GiB
2026-10-01T01:33:52Z	48660692	0.00	17314	13.38GiB / 32GiB
2026-10-01T01:33:58Z	48664188	0.00	17314	13.38GiB / 32GiB
2026-10-01T01:34:04Z	48655656	0.00	17314	13.38GiB / 32GiB
2026-10-01T01:34:10Z	48340448	0.00	17314	13.68GiB / 32GiB
2026-10-01T01:34:16Z	48326368	0.00	17314	13.68GiB / 32GiB
2026-10-01T01:34:22Z	43957212	0.00	17314	17.87GiB / 32GiB
2026-10-01T01:34:28Z	43897456	0.00	17314	17.87GiB / 32GiB
2026-10-01T01:34:34Z	43901240	0.00	17314	17.87GiB / 32GiB
2026-10-01T01:34:40Z	43928568	0.00	17314	17.87GiB / 32GiB
2026-10-01T01:34:46Z	43458720	0.00	17314	18.34GiB / 32GiB
2026-10-01T01:34:52Z	43455464	0.00	17314	18.34GiB / 32GiB
2026-10-01T01:34:58Z	43441820	0.00	17314	18.34GiB / 32GiB
2026-10-01T01:35:04Z	43405120	0.00	17314	18.34GiB / 32GiB
2026-10-01T01:35:10Z	42811060	0.00	17314	18.67GiB / 32GiB
2026-10-01T01:35:16Z	42902152	0.00	17314	18.67GiB / 32GiB
2026-10-01T01:35:22Z	42921036	0.00	17314	18.67GiB / 32GiB
2026-10-01T01:35:28Z	43007556	0.00	17314	18.67GiB / 32GiB
2026-10-01T01:35:34Z	43031904	0.00	17314	18.67GiB / 32GiB
2026-10-01T01:35:40Z	43078816	0.00	17314	18.67GiB / 32GiB
2026-10-01T01:35:46Z	43081368	0.00	17314	18.67GiB / 32GiB
2026-10-01T01:35:53Z	43106088	0.00	17314	18.67GiB / 32GiB
2026-10-01T01:35:59Z	43074812	0.00	17314	18.67GiB / 32GiB
2026-10-01T01:36:05Z	43060820	0.00	17314	18.67GiB / 32GiB
2026-10-01T01:36:11Z	43099592	0.00	17314	18.67GiB / 32GiB
2026-10-01T01:36:17Z	43081360	0.00	17314	18.67GiB / 32GiB
2026-10-01T01:36:23Z	43072840	0.00	17314	18.67GiB / 32GiB
2026-10-01T01:36:29Z	43079852	0.00	17314	18.67GiB / 32GiB
2026-10-01T01:36:35Z	43041076	0.00	17314	18.67GiB / 32GiB
2026-10-01T01:36:41Z	43129468	0.00	17314	18.67GiB / 32GiB
2026-10-01T01:36:47Z	43052860	0.00	17314	18.67GiB / 32GiB
2026-10-01T01:36:53Z	43078452	0.00	17314	18.67GiB / 32GiB
2026-10-01T01:36:59Z	43091524	0.00	17314	18.67GiB / 32GiB
2026-10-01T01:37:05Z	43082924	0.00	17314	18.67GiB / 32GiB
2026-10-01T01:37:11Z	43079512	0.00	17314	18.67GiB / 32GiB
2026-10-01T01:37:17Z	43092236	0.00	17314	18.67GiB / 32GiB
2026-10-01T01:37:23Z	43057820	0.00	17314	18.67GiB / 32GiB
2026-10-01T01:37:29Z	43055684	0.00	17314	18.67GiB / 32GiB
2026-10-01T01:37:35Z	43079280	0.00	17314	18.67GiB / 32GiB
2026-10-01T01:37:41Z	43710340	0.00	17314	18.67GiB / 32GiB
2026-10-01T01:37:47Z	43436992	0.00	17314	18.67GiB / 32GiB
2026-10-01T01:37:53Z	43057476	0.00	17314	18.82GiB / 32GiB
2026-10-01T01:37:59Z	42720680	0.00	17314	18.97GiB / 32GiB
2026-10-01T01:38:06Z	43604256	0.00	17314	17.79GiB / 32GiB
2026-10-01T01:38:12Z	43758404	0.00	17314	17.79GiB / 32GiB
2026-10-01T01:38:18Z	43128284	0.00	17314	18.6GiB / 32GiB
2026-10-01T01:38:24Z	42589816	0.00	17314	19.07GiB / 32GiB
2026-10-01T01:38:30Z	42598536	0.00	17314	19.07GiB / 32GiB
2026-10-01T01:38:36Z	42572392	0.00	17314	19.07GiB / 32GiB
2026-10-01T01:38:42Z	42616484	0.00	17314	19.07GiB / 32GiB
2026-10-01T01:38:48Z	42635168	0.00	17314	19.07GiB / 32GiB
2026-10-01T01:38:54Z	42079636	0.00	17314	19.55GiB / 32GiB
2026-10-01T01:39:00Z	42050712	0.00	17314	19.55GiB / 32GiB
2026-10-01T01:39:06Z	42007620	0.00	17314	19.55GiB / 32GiB
2026-10-01T01:39:12Z	42056540	0.00	17314	19.55GiB / 32GiB
2026-10-01T01:39:18Z	41949392	0.00	17314	19.67GiB / 32GiB
2026-10-01T01:39:24Z	46350452	0.00	17314	15.32GiB / 32GiB
2026-10-01T01:39:30Z	45156336	0.00	17314	16.23GiB / 32GiB
2026-10-01T01:39:37Z	45185572	0.00	17314	16.23GiB / 32GiB
2026-10-01T01:39:43Z	45348384	0.00	17314	16.23GiB / 32GiB
2026-10-01T01:39:49Z	45419488	0.00	17314	16.23GiB / 32GiB
2026-10-01T01:39:55Z	45479972	0.00	17314	16.23GiB / 32GiB
2026-10-01T01:40:01Z	45495696	0.00	17314	16.1GiB / 32GiB
2026-10-01T01:40:07Z	44815992	0.00	17314	16.85GiB / 32GiB
2026-10-01T01:40:13Z	44267604	0.00	17314	17.36GiB / 32GiB
2026-10-01T01:40:19Z	44268648	0.00	17314	17.36GiB / 32GiB
2026-10-01T01:40:25Z	44304152	0.00	17314	17.36GiB / 32GiB
2026-10-01T01:40:31Z	44347796	0.00	17314	17.36GiB / 32GiB
2026-10-01T01:40:37Z	43596052	0.00	17314	17.83GiB / 32GiB
2026-10-01T01:40:43Z	43706272	0.00	17314	17.83GiB / 32GiB
2026-10-01T01:40:49Z	43764472	0.00	17314	17.83GiB / 32GiB
2026-10-01T01:40:55Z	43811340	0.00	17314	17.83GiB / 32GiB
2026-10-01T01:41:01Z	43929108	0.00	17314	17.83GiB / 32GiB
2026-10-01T01:41:10Z	43478008	0.00	17314	18.6GiB / 32GiB
2026-10-01T01:41:16Z	42901716	0.00	17314	18.6GiB / 32GiB
2026-10-01T01:41:22Z	42869140	0.00	17314	18.9GiB / 32GiB
2026-10-01T01:41:28Z	42634384	0.00	17314	18.9GiB / 32GiB
2026-10-01T01:41:34Z	42647384	0.00	17314	18.9GiB / 32GiB
2026-10-01T01:41:40Z	41773532	0.00	17314	19.75GiB / 32GiB
2026-10-01T01:41:46Z	42512956	0.00	17314	19.22GiB / 32GiB
2026-10-01T01:41:52Z	41817452	0.00	17314	20.31GiB / 32GiB
2026-10-01T01:41:58Z	41326056	0.00	17314	19.73GiB / 32GiB
2026-10-01T01:42:04Z	41500564	0.00	17314	19.73GiB / 32GiB
2026-10-01T01:42:10Z	41669648	0.00	17314	19.73GiB / 32GiB
2026-10-01T01:42:16Z	41749460	0.00	17314	19.73GiB / 32GiB
2026-10-01T01:42:22Z	41630488	0.00	17314	20.02GiB / 32GiB
2026-10-01T01:42:28Z	41570660	0.00	17314	20.07GiB / 32GiB
2026-10-01T01:42:34Z	41158428	0.00	17314	20.01GiB / 32GiB
2026-10-01T01:42:40Z	41198372	0.00	17314	20.01GiB / 32GiB
2026-10-01T01:42:46Z	41399112	0.00	17314	20.01GiB / 32GiB
2026-10-01T01:42:52Z	41550632	0.00	17314	20.01GiB / 32GiB
2026-10-01T01:42:58Z	41499544	0.00	17314	20.01GiB / 32GiB
2026-10-01T01:43:04Z	41550744	0.00	17314	20.01GiB / 32GiB
2026-10-01T01:43:10Z	41768288	0.00	17314	20.06GiB / 32GiB
2026-10-01T01:43:17Z	41226244	0.00	17314	20.05GiB / 32GiB
2026-10-01T01:43:23Z	41264880	0.00	17314	20.05GiB / 32GiB
2026-10-01T01:43:29Z	41367520	0.00	17314	20.05GiB / 32GiB
2026-10-01T01:43:35Z	41494960	0.00	17314	20.05GiB / 32GiB
2026-10-01T01:43:41Z	41572516	0.00	17314	20.05GiB / 32GiB
2026-10-01T01:43:47Z	41477916	0.00	17314	20.06GiB / 32GiB
2026-10-01T01:43:53Z	41630636	0.00	17314	19.71GiB / 32GiB
2026-10-01T01:43:59Z	41648656	0.00	17314	19.71GiB / 32GiB
2026-10-01T01:44:05Z	41704076	0.00	17314	19.71GiB / 32GiB
2026-10-01T01:44:11Z	41820048	0.00	17314	19.71GiB / 32GiB
2026-10-01T01:44:17Z	41734172	0.00	17314	19.71GiB / 32GiB
2026-10-01T01:44:23Z	41395920	0.00	17314	20GiB / 32GiB
2026-10-01T01:44:29Z	41509984	0.00	17314	19.99GiB / 32GiB
2026-10-01T01:44:35Z	41536172	0.00	17314	19.99GiB / 32GiB
2026-10-01T01:44:41Z	41489416	0.00	17314	19.99GiB / 32GiB
2026-10-01T01:44:47Z	41464624	0.00	17314	19.99GiB / 32GiB
2026-10-01T01:44:53Z	41487184	0.00	17314	19.99GiB / 32GiB
2026-10-01T01:44:59Z	41436528	0.00	17314	19.99GiB / 32GiB
2026-10-01T01:45:05Z	41480676	0.00	17314	19.99GiB / 32GiB
2026-10-01T01:45:11Z	41486828	0.00	17314	19.99GiB / 32GiB
2026-10-01T01:45:18Z	41479988	0.00	17314	19.99GiB / 32GiB
2026-10-01T01:45:24Z	41493728	0.00	17314	19.99GiB / 32GiB
2026-10-01T01:45:30Z	41491644	0.00	17314	19.99GiB / 32GiB
2026-10-01T01:45:36Z	41486368	0.00	17314	19.99GiB / 32GiB
2026-10-01T01:45:42Z	41996748	0.00	17314	19.53GiB / 32GiB
2026-10-01T01:45:48Z	41528168	0.00	17314	19.97GiB / 32GiB
2026-10-01T01:45:54Z	41499020	0.00	17314	19.97GiB / 32GiB
2026-10-01T01:46:00Z	41434944	0.00	17314	19.99GiB / 32GiB
2026-10-01T01:46:06Z	41415932	0.00	17314	19.99GiB / 32GiB
2026-10-01T01:46:12Z	41445072	0.00	17314	19.99GiB / 32GiB
2026-10-01T01:46:18Z	41472740	0.00	17314	19.99GiB / 32GiB
2026-10-01T01:46:24Z	41434088	0.00	17314	19.99GiB / 32GiB
2026-10-01T01:46:30Z	41558940	0.00	17314	19.82GiB / 32GiB
2026-10-01T01:46:36Z	42699560	0.00	17314	18.74GiB / 32GiB
2026-10-01T01:46:42Z	42700804	0.00	17314	18.74GiB / 32GiB
2026-10-01T01:46:48Z	42708568	0.00	17314	18.74GiB / 32GiB
2026-10-01T01:46:54Z	42199228	0.00	17314	19.2GiB / 32GiB
2026-10-01T01:47:00Z	42226592	0.00	17314	19.57GiB / 32GiB
2026-10-01T01:47:07Z	41741100	0.00	17314	19.65GiB / 32GiB
2026-10-01T01:47:13Z	41802220	0.00	17314	19.65GiB / 32GiB
2026-10-01T01:47:19Z	41821756	0.00	17314	19.65GiB / 32GiB
2026-10-01T01:47:25Z	41339240	0.00	17314	20.08GiB / 32GiB
2026-10-01T01:47:31Z	41376164	0.00	17314	20.08GiB / 32GiB
2026-10-01T01:47:37Z	41364328	0.00	17314	20.08GiB / 32GiB
2026-10-01T01:47:43Z	42107472	0.00	17314	20.08GiB / 32GiB
2026-10-01T01:47:49Z	41396336	0.00	17314	20.08GiB / 32GiB
2026-10-01T01:47:55Z	41809136	0.00	17314	19.64GiB / 32GiB
2026-10-01T01:48:01Z	41799500	0.00	17314	19.64GiB / 32GiB
2026-10-01T01:48:07Z	41829700	0.00	17314	19.64GiB / 32GiB
2026-10-01T01:48:13Z	41483820	0.00	17314	19.66GiB / 32GiB
2026-10-01T01:48:19Z	41572884	0.00	17314	19.66GiB / 32GiB
2026-10-01T01:48:25Z	41672868	0.00	17314	19.66GiB / 32GiB
2026-10-01T01:48:31Z	41761412	0.00	17314	19.66GiB / 32GiB
2026-10-01T01:48:37Z	42915652	0.00	17314	18.61GiB / 32GiB
2026-10-01T01:48:43Z	42946576	0.00	17314	18.61GiB / 32GiB
2026-10-01T01:48:49Z	42976348	0.00	17314	18.61GiB / 32GiB
2026-10-01T01:48:55Z	42973848	0.00	17314	18.61GiB / 32GiB
2026-10-01T01:49:01Z	42973768	0.00	17314	18.61GiB / 32GiB
2026-10-01T01:49:07Z	42933616	0.00	17314	18.61GiB / 32GiB
2026-10-01T01:49:13Z	42996600	0.00	17314	18.61GiB / 32GiB
2026-10-01T01:49:20Z	42913644	0.00	17314	18.61GiB / 32GiB
2026-10-01T01:49:26Z	42974040	0.00	17314	18.61GiB / 32GiB
2026-10-01T01:49:32Z	41962560	0.00	17314	19.57GiB / 32GiB
2026-10-01T01:49:38Z	41986068	0.00	17314	19.56GiB / 32GiB
2026-10-01T01:49:44Z	41986132	0.00	17314	19.56GiB / 32GiB
2026-10-01T01:49:50Z	41967432	0.00	17314	19.56GiB / 32GiB
2026-10-01T01:49:56Z	41946128	0.00	17314	19.56GiB / 32GiB
2026-10-01T01:50:02Z	41900344	0.00	17314	19.56GiB / 32GiB
2026-10-01T01:50:08Z	41903648	0.00	17314	19.56GiB / 32GiB
2026-10-01T01:50:14Z	41956064	0.00	17314	19.56GiB / 32GiB
2026-10-01T01:50:20Z	41940760	0.00	17314	19.56GiB / 32GiB
2026-10-01T01:50:26Z	41930564	0.00	17314	19.56GiB / 32GiB
2026-10-01T01:50:32Z	41403072	0.00	17314	20.08GiB / 32GiB
2026-10-01T01:50:38Z	41424224	0.00	17314	20.08GiB / 32GiB
2026-10-01T01:50:44Z	41408560	0.00	17314	20.08GiB / 32GiB
2026-10-01T01:50:50Z	41363536	0.00	17314	20.08GiB / 32GiB
2026-10-01T01:50:56Z	41629256	0.00	17314	20.03GiB / 32GiB
