2026-09-30T11:01:16Z	44333004	0.00	12	1.539GiB / 32GiB
2026-09-30T11:01:22Z	43780804	0.00	12	1.897GiB / 32GiB
2026-09-30T11:01:28Z	43135936	0.00	562	2.232GiB / 32GiB
2026-09-30T11:01:34Z	43284004	0.00	1782	2.777GiB / 32GiB
2026-09-30T11:01:40Z	43447340	0.00	2488	3.703GiB / 32GiB
2026-09-30T11:01:46Z	43398308	0.00	3534	4.614GiB / 32GiB
2026-09-30T11:01:52Z	43152100	0.00	12142	5.18GiB / 32GiB
2026-09-30T11:01:59Z	42649520	0.00	13488	5.576GiB / 32GiB
2026-09-30T11:02:05Z	42372660	0.00	23426	5.735GiB / 32GiB
2026-09-30T11:02:11Z	42021264	0.00	23454	6.085GiB / 32GiB
2026-09-30T11:02:17Z	41945028	0.00	23454	6.085GiB / 32GiB
2026-09-30T11:02:23Z	41941568	0.00	23454	6.085GiB / 32GiB
2026-09-30T11:02:29Z	41927208	0.00	23454	6.085GiB / 32GiB
2026-09-30T11:02:35Z	41962000	0.00	23454	6.085GiB / 32GiB
2026-09-30T11:02:41Z	41973568	0.00	23454	6.085GiB / 32GiB
2026-09-30T11:02:47Z	41967932	0.00	23454	6.085GiB / 32GiB
2026-09-30T11:02:53Z	41964344	0.00	23454	6.085GiB / 32GiB
2026-09-30T11:02:59Z	41950616	0.00	23460	6.088GiB / 32GiB
2026-09-30T11:03:05Z	41760140	0.00	23966	6.304GiB / 32GiB
2026-09-30T11:03:11Z	41764304	0.00	23966	6.304GiB / 32GiB
2026-09-30T11:03:17Z	41683568	0.00	23966	6.304GiB / 32GiB
2026-09-30T11:03:23Z	41677644	0.00	23966	6.304GiB / 32GiB
2026-09-30T11:03:29Z	41665468	0.00	23966	6.304GiB / 32GiB
2026-09-30T11:03:35Z	41712980	0.00	23966	6.304GiB / 32GiB
2026-09-30T11:03:41Z	41736160	0.00	23966	6.304GiB / 32GiB
2026-09-30T11:03:47Z	41725048	0.00	23966	6.304GiB / 32GiB
2026-09-30T11:03:53Z	41772844	0.00	23966	6.304GiB / 32GiB
2026-09-30T11:03:59Z	41730944	0.00	23966	6.304GiB / 32GiB
2026-09-30T11:04:05Z	41738620	0.00	23966	6.305GiB / 32GiB
2026-09-30T11:04:12Z	41758204	0.00	23966	6.304GiB / 32GiB
2026-09-30T11:04:18Z	41747076	0.00	23966	6.304GiB / 32GiB
2026-09-30T11:04:24Z	41756868	0.00	23966	6.304GiB / 32GiB
2026-09-30T11:04:30Z	41762460	0.00	23966	6.304GiB / 32GiB
2026-09-30T11:04:36Z	41784096	0.00	23966	6.304GiB / 32GiB
2026-09-30T11:04:42Z	41793456	0.00	23966	6.304GiB / 32GiB
2026-09-30T11:04:48Z	41740448	0.00	23966	6.304GiB / 32GiB
2026-09-30T11:04:54Z	41696144	0.00	23966	6.304GiB / 32GiB
2026-09-30T11:05:00Z	41769292	0.00	23966	6.304GiB / 32GiB
2026-09-30T11:05:06Z	41738620	0.00	23966	6.304GiB / 32GiB
2026-09-30T11:05:12Z	41760508	0.00	23966	6.304GiB / 32GiB
2026-09-30T11:05:18Z	41713036	0.00	23966	6.304GiB / 32GiB
2026-09-30T11:05:24Z	41697120	0.00	23966	6.304GiB / 32GiB
2026-09-30T11:05:30Z	41751164	0.00	23966	6.304GiB / 32GiB
2026-09-30T11:05:36Z	42010084	0.00	23966	6.304GiB / 32GiB
2026-09-30T11:05:42Z	42461968	0.00	23966	6.305GiB / 32GiB
2026-09-30T11:05:48Z	41788320	0.00	23966	6.304GiB / 32GiB
2026-09-30T11:05:54Z	41762428	0.00	23966	6.304GiB / 32GiB
2026-09-30T11:06:00Z	41744008	0.00	23966	6.304GiB / 32GiB
2026-09-30T11:06:06Z	41682220	0.00	23966	6.319GiB / 32GiB
2026-09-30T11:06:12Z	41721420	0.00	23966	6.32GiB / 32GiB
2026-09-30T11:06:19Z	41722604	0.00	23966	6.32GiB / 32GiB
2026-09-30T11:06:25Z	41774324	0.00	23966	6.32GiB / 32GiB
2026-09-30T11:06:31Z	41719268	0.00	23966	6.32GiB / 32GiB
2026-09-30T11:06:37Z	41743032	0.00	23966	6.319GiB / 32GiB
2026-09-30T11:06:43Z	41791044	0.00	23966	6.32GiB / 32GiB
2026-09-30T11:06:49Z	41814592	0.00	23966	6.32GiB / 32GiB
2026-09-30T11:06:55Z	41738380	0.00	23966	6.32GiB / 32GiB
2026-09-30T11:07:01Z	41751360	0.00	23966	6.319GiB / 32GiB
2026-09-30T11:07:07Z	41744904	0.00	23966	6.32GiB / 32GiB
2026-09-30T11:07:13Z	41738472	0.00	23966	6.32GiB / 32GiB
2026-09-30T11:07:19Z	45285904	0.00	23966	6.319GiB / 32GiB
2026-09-30T11:07:25Z	44831200	0.00	23966	6.32GiB / 32GiB
2026-09-30T11:07:31Z	44626676	0.00	23966	6.32GiB / 32GiB
2026-09-30T11:07:37Z	44451072	0.00	23966	6.32GiB / 32GiB
2026-09-30T11:07:43Z	44318812	0.00	23966	6.319GiB / 32GiB
2026-09-30T11:07:49Z	43995716	0.00	23966	6.32GiB / 32GiB
2026-09-30T11:07:55Z	43848456	0.00	23966	6.32GiB / 32GiB
2026-09-30T11:08:01Z	43699056	0.00	23966	6.319GiB / 32GiB
2026-09-30T11:08:07Z	43454228	0.00	23966	6.32GiB / 32GiB
2026-09-30T11:08:13Z	43337548	0.00	23966	6.319GiB / 32GiB
2026-09-30T11:08:19Z	42762240	0.00	23966	6.354GiB / 32GiB
2026-09-30T11:08:25Z	42811716	0.00	23966	6.354GiB / 32GiB
2026-09-30T11:08:32Z	42643752	0.00	23966	6.354GiB / 32GiB
2026-09-30T11:08:38Z	42555888	0.00	23966	6.354GiB / 32GiB
2026-09-30T11:08:44Z	42505904	0.00	23966	6.354GiB / 32GiB
2026-09-30T11:08:50Z	42390188	0.00	23966	6.354GiB / 32GiB
2026-09-30T11:08:56Z	42632512	0.00	23966	6.366GiB / 32GiB
2026-09-30T11:09:02Z	42616372	0.00	23966	6.367GiB / 32GiB
2026-09-30T11:09:08Z	42637860	0.00	23966	6.366GiB / 32GiB
2026-09-30T11:09:14Z	42633636	0.00	23966	6.366GiB / 32GiB
2026-09-30T11:09:20Z	42643084	0.00	23966	6.366GiB / 32GiB
2026-09-30T11:09:26Z	42617056	0.00	23966	6.366GiB / 32GiB
2026-09-30T11:09:32Z	42557012	0.00	23966	6.366GiB / 32GiB
2026-09-30T11:09:38Z	42617892	0.00	23966	6.366GiB / 32GiB
2026-09-30T11:09:44Z	42618100	0.00	23966	6.367GiB / 32GiB
2026-09-30T11:09:50Z	42561500	0.00	23966	6.366GiB / 32GiB
2026-09-30T11:09:56Z	42630524	0.00	24066	6.366GiB / 32GiB
2026-09-30T11:10:02Z	42639040	0.00	24066	6.366GiB / 32GiB
2026-09-30T11:10:08Z	42682560	0.00	24066	6.366GiB / 32GiB
2026-09-30T11:10:14Z	42790852	0.00	24066	6.366GiB / 32GiB
2026-09-30T11:10:20Z	42701532	0.00	24066	6.366GiB / 32GiB
2026-09-30T11:10:26Z	42728476	0.00	24066	6.367GiB / 32GiB
2026-09-30T11:10:32Z	42738144	0.00	24066	6.367GiB / 32GiB
2026-09-30T11:10:38Z	42787600	0.00	24066	6.367GiB / 32GiB
2026-09-30T11:10:45Z	42741844	0.00	24066	6.367GiB / 32GiB
2026-09-30T11:10:51Z	42764660	0.00	24066	6.367GiB / 32GiB
2026-09-30T11:10:57Z	42735936	0.00	24066	6.367GiB / 32GiB
2026-09-30T11:11:03Z	42747660	2.26	24066	6.367GiB / 32GiB
2026-09-30T11:11:09Z	42750216	1.24	24066	6.367GiB / 32GiB
2026-09-30T11:11:15Z	42771484	0.68	24066	6.368GiB / 32GiB
2026-09-30T11:11:21Z	42743484	0.37	24066	6.368GiB / 32GiB
2026-09-30T11:11:27Z	42733788	0.20	24066	6.369GiB / 32GiB
2026-09-30T11:11:33Z	42686364	1.54	24066	6.368GiB / 32GiB
2026-09-30T11:11:39Z	42802240	1.87	24066	6.368GiB / 32GiB
2026-09-30T11:11:45Z	42808284	1.03	24066	6.369GiB / 32GiB
2026-09-30T11:11:51Z	42805600	0.56	24066	6.368GiB / 32GiB
2026-09-30T11:11:57Z	42774188	0.30	24066	6.368GiB / 32GiB
2026-09-30T11:12:03Z	42775408	0.16	24066	6.368GiB / 32GiB
2026-09-30T11:12:09Z	42779776	0.09	24066	6.368GiB / 32GiB
2026-09-30T11:12:15Z	42784612	0.05	24066	6.368GiB / 32GiB
2026-09-30T11:12:21Z	42791552	0.02	24066	6.368GiB / 32GiB
2026-09-30T11:12:27Z	42790164	0.01	24066	6.368GiB / 32GiB
2026-09-30T11:12:33Z	42771840	0.00	24066	6.368GiB / 32GiB
2026-09-30T11:12:39Z	42707424	0.00	24066	6.368GiB / 32GiB
2026-09-30T11:12:45Z	42753548	0.00	24066	6.368GiB / 32GiB
2026-09-30T11:12:51Z	42742816	0.00	24066	6.368GiB / 32GiB
2026-09-30T11:12:58Z	42710504	0.00	24066	6.368GiB / 32GiB
2026-09-30T11:13:04Z	42741320	0.00	24066	6.369GiB / 32GiB
2026-09-30T11:13:10Z	42683512	0.24	24066	6.368GiB / 32GiB
2026-09-30T11:13:16Z	42716388	0.13	24066	6.368GiB / 32GiB
2026-09-30T11:13:22Z	42714704	0.07	24066	6.368GiB / 32GiB
2026-09-30T11:13:28Z	42738580	0.03	24066	6.368GiB / 32GiB
2026-09-30T11:13:34Z	42673276	0.02	24066	6.368GiB / 32GiB
2026-09-30T11:13:40Z	42769676	0.01	24066	6.368GiB / 32GiB
2026-09-30T11:13:46Z	42710988	0.00	24066	6.368GiB / 32GiB
2026-09-30T11:13:52Z	42750512	0.00	24066	6.368GiB / 32GiB
2026-09-30T11:13:58Z	42710612	0.00	24066	6.368GiB / 32GiB
2026-09-30T11:14:04Z	42725852	0.00	24066	6.369GiB / 32GiB
2026-09-30T11:14:10Z	42751644	0.00	24066	6.368GiB / 32GiB
2026-09-30T11:14:16Z	42722364	0.00	24066	6.369GiB / 32GiB
2026-09-30T11:14:22Z	42730072	0.00	24066	6.368GiB / 32GiB
2026-09-30T11:14:28Z	42728884	0.00	24066	6.368GiB / 32GiB
2026-09-30T11:14:34Z	42728948	0.00	24066	6.368GiB / 32GiB
2026-09-30T11:14:40Z	42774724	0.00	24066	6.368GiB / 32GiB
2026-09-30T11:14:46Z	42710872	0.00	24066	6.368GiB / 32GiB
2026-09-30T11:14:52Z	42738488	0.00	24066	6.369GiB / 32GiB
2026-09-30T11:14:58Z	42678032	0.00	24066	6.369GiB / 32GiB
2026-09-30T11:15:04Z	42732376	0.00	24066	6.368GiB / 32GiB
2026-09-30T11:15:11Z	42699864	0.00	24066	6.368GiB / 32GiB
2026-09-30T11:15:17Z	42692560	0.00	24066	6.368GiB / 32GiB
2026-09-30T11:15:23Z	42697616	0.00	24066	6.369GiB / 32GiB
2026-09-30T11:15:29Z	42738504	0.00	24066	6.369GiB / 32GiB
2026-09-30T11:15:35Z	42676528	0.00	24066	6.368GiB / 32GiB
2026-09-30T11:15:41Z	43299444	0.00	24066	6.368GiB / 32GiB
2026-09-30T11:15:47Z	42988528	0.00	24066	6.368GiB / 32GiB
2026-09-30T11:15:53Z	42720688	0.00	24066	6.368GiB / 32GiB
2026-09-30T11:15:59Z	42783000	0.00	24066	6.368GiB / 32GiB
2026-09-30T11:16:05Z	42691112	0.00	24066	6.368GiB / 32GiB
2026-09-30T11:16:11Z	42785512	0.00	24066	6.368GiB / 32GiB
2026-09-30T11:16:17Z	42780228	0.00	24066	6.368GiB / 32GiB
2026-09-30T11:16:23Z	42762408	0.00	24066	6.368GiB / 32GiB
