2026-10-01T12:00:03Z	guard=active	trip=false	53, 108.15, 370.00, 9, 0, 1350
2026-10-01T12:00:08Z	guard=active	trip=false	49, 37.01, 370.00, 9, 0, 210
2026-10-01T12:00:13Z	guard=active	trip=false	48, 35.94, 370.00, 9, 0, 210
2026-10-01T12:00:18Z	guard=active	trip=false	48, 36.02, 370.00, 9, 0, 210
2026-10-01T12:00:23Z	guard=active	trip=false	47, 35.68, 370.00, 9, 0, 210
2026-10-01T12:00:28Z	guard=active	trip=false	47, 35.49, 370.00, 9, 0, 210
2026-10-01T12:00:33Z	guard=active	trip=false	46, 35.34, 370.00, 9, 0, 210
2026-10-01T12:00:38Z	guard=active	trip=false	46, 35.05, 370.00, 9, 0, 210
2026-10-01T12:00:43Z	guard=active	trip=false	45, 35.01, 370.00, 12, 0, 210
2026-10-01T12:00:48Z	guard=active	trip=false	45, 34.97, 370.00, 12, 0, 210
2026-10-01T12:00:53Z	guard=active	trip=false	48, 99.95, 370.00, 578, 0, 1350
2026-10-01T12:00:58Z	guard=active	trip=false	49, 100.46, 370.00, 3152, 6, 1350
2026-10-01T12:01:04Z	guard=active	trip=false	49, 100.76, 370.00, 5386, 3, 1350
2026-10-01T12:01:09Z	guard=active	trip=false	50, 100.60, 370.00, 12162, 0, 1350
2026-10-01T12:01:14Z	guard=active	trip=false	50, 100.68, 370.00, 12162, 0, 1350
2026-10-01T12:01:19Z	guard=active	trip=false	50, 100.93, 370.00, 12162, 0, 1350
2026-10-01T12:01:24Z	guard=active	trip=false	51, 127.23, 370.00, 12704, 0, 1350
2026-10-01T12:01:29Z	guard=active	trip=false	51, 102.81, 370.00, 12744, 0, 1350
2026-10-01T12:01:34Z	guard=active	trip=false	51, 102.81, 370.00, 12744, 0, 1350
2026-10-01T12:01:39Z	guard=active	trip=false	51, 103.41, 370.00, 12744, 0, 1350
2026-10-01T12:01:44Z	guard=active	trip=false	51, 102.69, 370.00, 12744, 0, 1350
2026-10-01T12:01:49Z	guard=active	trip=false	51, 103.69, 370.00, 12744, 0, 1350
2026-10-01T12:01:54Z	guard=active	trip=false	51, 102.13, 370.00, 12744, 0, 1350
2026-10-01T12:01:59Z	guard=active	trip=false	51, 102.81, 370.00, 12744, 6, 1350
2026-10-01T12:02:04Z	guard=active	trip=false	51, 101.38, 370.00, 12744, 0, 1350
2026-10-01T12:02:09Z	guard=active	trip=false	53, 132.41, 370.00, 12862, 12, 1350
2026-10-01T12:02:14Z	guard=active	trip=false	52, 117.04, 370.00, 12862, 0, 1350
2026-10-01T12:02:19Z	guard=active	trip=false	52, 111.59, 370.00, 12862, 0, 1350
2026-10-01T12:02:24Z	guard=active	trip=false	54, 121.36, 370.00, 12862, 26, 1350
2026-10-01T12:02:29Z	guard=active	trip=false	54, 131.82, 370.00, 12862, 91, 1350
2026-10-01T12:02:34Z	guard=active	trip=false	53, 101.99, 370.00, 12866, 0, 1350
2026-10-01T12:02:39Z	guard=active	trip=false	53, 111.83, 370.00, 12866, 0, 1350
2026-10-01T12:02:44Z	guard=active	trip=false	53, 122.52, 370.00, 12866, 0, 1350
2026-10-01T12:02:49Z	guard=active	trip=false	53, 124.64, 370.00, 12866, 0, 1350
2026-10-01T12:02:54Z	guard=active	trip=false	54, 123.12, 370.00, 12866, 0, 1350
2026-10-01T12:03:00Z	guard=active	trip=false	54, 122.21, 370.00, 12866, 0, 1350
2026-10-01T12:03:05Z	guard=active	trip=false	61, 243.28, 370.00, 13026, 98, 1350
2026-10-01T12:03:10Z	guard=active	trip=false	55, 129.70, 370.00, 13562, 0, 1350
2026-10-01T12:03:15Z	guard=active	trip=false	58, 216.40, 370.00, 13468, 56, 1350
2026-10-01T12:03:20Z	guard=active	trip=false	58, 125.96, 370.00, 13676, 100, 1350
2026-10-01T12:03:25Z	guard=active	trip=false	55, 102.93, 370.00, 22812, 0, 1350
2026-10-01T12:03:30Z	guard=active	trip=false	55, 133.03, 370.00, 22812, 0, 1350
2026-10-01T12:03:35Z	guard=active	trip=false	55, 102.96, 370.00, 22814, 0, 1350
2026-10-01T12:03:40Z	guard=active	trip=false	54, 103.02, 370.00, 22814, 0, 1350
2026-10-01T12:03:45Z	guard=active	trip=false	58, 158.75, 370.00, 22580, 100, 1350
2026-10-01T12:03:50Z	guard=active	trip=false	55, 103.10, 370.00, 22588, 0, 1350
2026-10-01T12:03:55Z	guard=active	trip=false	58, 142.89, 370.00, 22592, 90, 1350
2026-10-01T12:04:00Z	guard=active	trip=false	63, 273.41, 370.00, 23432, 100, 1350
2026-10-01T12:04:05Z	guard=active	trip=false	65, 263.49, 370.00, 23432, 100, 1350
2026-10-01T12:04:10Z	guard=active	trip=false	63, 230.69, 370.00, 23432, 93, 1350
2026-10-01T12:04:15Z	guard=active	trip=false	64, 231.36, 370.00, 23432, 94, 1350
2026-10-01T12:04:20Z	guard=active	trip=false	64, 232.19, 370.00, 23454, 91, 1350
2026-10-01T12:04:25Z	guard=active	trip=false	64, 232.45, 370.00, 23454, 94, 1350
2026-10-01T12:04:30Z	guard=active	trip=false	67, 280.02, 370.00, 23454, 100, 1350
2026-10-01T12:04:35Z	guard=active	trip=false	66, 277.08, 370.00, 23454, 100, 1350
2026-10-01T12:04:40Z	guard=active	trip=false	64, 246.41, 370.00, 23454, 92, 1350
2026-10-01T12:04:45Z	guard=active	trip=false	62, 235.73, 370.00, 23454, 94, 1350
2026-10-01T12:04:50Z	guard=active	trip=false	64, 283.31, 370.00, 23454, 100, 1350
2026-10-01T12:04:55Z	guard=active	trip=false	64, 277.47, 370.00, 23454, 100, 1350
2026-10-01T12:05:00Z	guard=active	trip=false	63, 265.52, 370.00, 23454, 100, 1350
2026-10-01T12:05:06Z	guard=active	trip=false	64, 279.80, 370.00, 23454, 100, 1350
2026-10-01T12:05:11Z	guard=active	trip=false	63, 270.24, 370.00, 23454, 100, 1350
2026-10-01T12:05:16Z	guard=active	trip=false	61, 233.32, 370.00, 23454, 91, 1350
2026-10-01T12:05:21Z	guard=active	trip=false	60, 233.42, 370.00, 23454, 92, 1350
2026-10-01T12:05:26Z	guard=active	trip=false	62, 282.59, 370.00, 23454, 100, 1350
2026-10-01T12:05:31Z	guard=active	trip=false	62, 275.87, 370.00, 23454, 100, 1350
2026-10-01T12:05:36Z	guard=active	trip=false	60, 234.73, 370.00, 23454, 92, 1350
2026-10-01T12:05:41Z	guard=active	trip=false	59, 232.79, 370.00, 23454, 93, 1350
2026-10-01T12:05:46Z	guard=active	trip=false	61, 249.81, 370.00, 23454, 100, 1350
2026-10-01T12:05:51Z	guard=active	trip=false	59, 232.25, 370.00, 23454, 93, 1350
2026-10-01T12:05:56Z	guard=active	trip=false	59, 229.94, 370.00, 23454, 72, 1350
2026-10-01T12:06:01Z	guard=active	trip=false	61, 276.80, 370.00, 23454, 100, 1350
2026-10-01T12:06:06Z	guard=active	trip=false	61, 264.13, 370.00, 23454, 100, 1350
