2026-10-01T02:07:00Z	49509320	0.00	9	253MiB / 44GiB
2026-10-01T02:07:06Z	49021656	0.00	9	455.1MiB / 44GiB
2026-10-01T02:07:12Z	48705164	0.00	9	538.1MiB / 44GiB
2026-10-01T02:07:18Z	49091424	0.00	9	652.7MiB / 44GiB
2026-10-01T02:07:24Z	48704912	0.00	9	1.096GiB / 44GiB
2026-10-01T02:07:30Z	48559012	0.00	9	1.269GiB / 44GiB
2026-10-01T02:07:36Z	48649512	0.00	9	1.171GiB / 44GiB
2026-10-01T02:07:42Z	48699132	0.00	9	1.29GiB / 44GiB
2026-10-01T02:07:48Z	48854756	0.00	12	1.221GiB / 44GiB
2026-10-01T02:07:54Z	48038660	0.00	12	1.87GiB / 44GiB
2026-10-01T02:08:00Z	47549620	0.00	558	2.246GiB / 44GiB
2026-10-01T02:08:06Z	47521284	0.00	562	3.248GiB / 44GiB
2026-10-01T02:08:12Z	47518788	0.00	562	4.198GiB / 44GiB
2026-10-01T02:08:18Z	47427844	0.00	562	5.168GiB / 44GiB
2026-10-01T02:08:24Z	47345844	0.00	562	6.076GiB / 44GiB
2026-10-01T02:08:30Z	47415232	0.00	562	7.03GiB / 44GiB
2026-10-01T02:08:36Z	47614908	0.00	1782	7.984GiB / 44GiB
2026-10-01T02:08:42Z	47346680	0.00	1782	8.875GiB / 44GiB
2026-10-01T02:08:48Z	47857488	0.00	3656	9.815GiB / 44GiB
2026-10-01T02:08:55Z	47680464	0.00	6192	10.74GiB / 44GiB
2026-10-01T02:09:01Z	47665964	0.00	8406	11.6GiB / 44GiB
2026-10-01T02:09:07Z	47654508	0.00	10598	3.082GiB / 44GiB
2026-10-01T02:09:13Z	47672776	0.00	12060	4.09GiB / 44GiB
2026-10-01T02:09:19Z	47621020	0.00	12142	4.277GiB / 44GiB
2026-10-01T02:09:25Z	47514488	0.00	12142	4.319GiB / 44GiB
2026-10-01T02:09:31Z	47310280	0.00	12142	4.382GiB / 44GiB
2026-10-01T02:09:37Z	47383592	0.00	12404	4.401GiB / 44GiB
2026-10-01T02:09:43Z	47229888	0.00	12404	4.435GiB / 44GiB
2026-10-01T02:09:49Z	47214016	0.00	12404	4.448GiB / 44GiB
2026-10-01T02:09:55Z	46574256	0.00	12404	4.474GiB / 44GiB
2026-10-01T02:10:01Z	46516228	0.00	12404	4.48GiB / 44GiB
2026-10-01T02:10:07Z	46229664	0.00	12404	4.502GiB / 44GiB
2026-10-01T02:10:13Z	46452680	0.00	12404	4.694GiB / 44GiB
2026-10-01T02:10:19Z	46055304	0.00	12622	4.748GiB / 44GiB
2026-10-01T02:10:25Z	45888600	0.00	12622	4.759GiB / 44GiB
2026-10-01T02:10:31Z	45829872	0.00	12622	4.77GiB / 44GiB
2026-10-01T02:10:38Z	45687860	0.00	12622	4.779GiB / 44GiB
2026-10-01T02:10:44Z	45399312	0.00	12622	4.782GiB / 44GiB
2026-10-01T02:10:50Z	45522648	0.00	12622	4.802GiB / 44GiB
2026-10-01T02:10:56Z	45403652	0.00	12624	4.817GiB / 44GiB
2026-10-01T02:11:02Z	46508956	0.00	12624	4.836GiB / 44GiB
2026-10-01T02:11:08Z	46298808	0.00	12624	4.836GiB / 44GiB
2026-10-01T02:11:14Z	46480644	0.00	12626	4.859GiB / 44GiB
2026-10-01T02:11:20Z	46527384	0.00	12626	4.85GiB / 44GiB
2026-10-01T02:11:26Z	46475180	0.00	12626	4.858GiB / 44GiB
2026-10-01T02:11:32Z	46453464	0.00	12626	4.884GiB / 44GiB
2026-10-01T02:11:38Z	46481312	0.00	12626	4.884GiB / 44GiB
2026-10-01T02:11:44Z	46497492	0.00	12682	4.906GiB / 44GiB
2026-10-01T02:11:50Z	46501636	0.00	13442	4.931GiB / 44GiB
2026-10-01T02:11:56Z	46473536	0.00	13528	5.186GiB / 44GiB
2026-10-01T02:12:03Z	46298232	0.00	22916	5.334GiB / 44GiB
2026-10-01T02:12:09Z	46134800	0.00	22924	5.351GiB / 44GiB
2026-10-01T02:12:15Z	46083832	0.00	22924	5.411GiB / 44GiB
2026-10-01T02:12:21Z	45853072	0.00	22924	5.468GiB / 44GiB
2026-10-01T02:12:27Z	45964440	0.00	22696	5.508GiB / 44GiB
2026-10-01T02:12:33Z	45674356	0.00	22706	5.896GiB / 44GiB
2026-10-01T02:12:39Z	45491524	0.00	23268	5.976GiB / 44GiB
2026-10-01T02:12:45Z	45476332	0.00	23268	5.976GiB / 44GiB
2026-10-01T02:12:51Z	45540012	0.00	23268	5.976GiB / 44GiB
2026-10-01T02:12:57Z	45676088	0.00	23268	5.976GiB / 44GiB
2026-10-01T02:13:03Z	45666724	0.00	23268	5.976GiB / 44GiB
2026-10-01T02:13:09Z	45615448	0.00	23268	5.976GiB / 44GiB
2026-10-01T02:13:15Z	45735164	0.00	23268	5.976GiB / 44GiB
2026-10-01T02:13:21Z	45767524	0.00	23268	5.976GiB / 44GiB
2026-10-01T02:13:27Z	45105232	0.00	23268	5.976GiB / 44GiB
2026-10-01T02:13:33Z	45036296	0.00	23268	5.976GiB / 44GiB
2026-10-01T02:13:39Z	45035196	0.00	23268	5.976GiB / 44GiB
2026-10-01T02:13:45Z	44910992	0.00	23268	5.976GiB / 44GiB
2026-10-01T02:13:51Z	44632620	0.00	23268	5.976GiB / 44GiB
2026-10-01T02:13:57Z	45710456	0.00	23268	5.976GiB / 44GiB
2026-10-01T02:14:04Z	45783688	0.00	23268	5.976GiB / 44GiB
2026-10-01T02:14:10Z	45778428	0.00	23268	5.976GiB / 44GiB
2026-10-01T02:14:16Z	45779760	0.00	23268	5.977GiB / 44GiB
2026-10-01T02:14:22Z	45768484	0.00	23268	5.976GiB / 44GiB
2026-10-01T02:14:28Z	45745292	0.00	23268	5.977GiB / 44GiB
2026-10-01T02:14:34Z	45776812	0.00	23268	5.977GiB / 44GiB
2026-10-01T02:14:40Z	45723108	0.00	23268	5.976GiB / 44GiB
2026-10-01T02:14:46Z	45697732	0.00	23268	5.976GiB / 44GiB
2026-10-01T02:14:52Z	45720988	0.00	23268	5.976GiB / 44GiB
2026-10-01T02:14:58Z	45694096	0.00	23268	5.976GiB / 44GiB
2026-10-01T02:15:04Z	45730640	0.00	23268	5.976GiB / 44GiB
2026-10-01T02:15:10Z	45726752	0.00	23268	5.976GiB / 44GiB
2026-10-01T02:15:16Z	45735000	0.00	23268	5.976GiB / 44GiB
2026-10-01T02:15:22Z	45673260	0.00	23268	5.976GiB / 44GiB
2026-10-01T02:15:28Z	45739332	0.00	23268	5.976GiB / 44GiB
2026-10-01T02:15:34Z	45709112	0.00	23268	5.976GiB / 44GiB
2026-10-01T02:15:43Z	45771040	0.00	23268	5.976GiB / 44GiB
2026-10-01T02:15:49Z	45731268	0.00	23268	5.978GiB / 44GiB
2026-10-01T02:15:55Z	45778824	0.00	23268	5.957GiB / 44GiB
2026-10-01T02:16:01Z	45775404	0.00	23268	5.957GiB / 44GiB
2026-10-01T02:16:07Z	45682112	0.00	23268	5.958GiB / 44GiB
2026-10-01T02:16:13Z	45722656	0.00	23268	5.957GiB / 44GiB
2026-10-01T02:16:19Z	45715184	0.00	23268	5.963GiB / 44GiB
2026-10-01T02:16:25Z	45689184	0.00	23268	5.963GiB / 44GiB
2026-10-01T02:16:31Z	45792732	0.00	23268	5.963GiB / 44GiB
2026-10-01T02:16:38Z	45796552	0.00	23268	5.963GiB / 44GiB
2026-10-01T02:16:44Z	45797856	0.00	23268	5.963GiB / 44GiB
2026-10-01T02:16:50Z	45813524	0.00	23268	5.964GiB / 44GiB
2026-10-01T02:16:56Z	45793680	0.00	23268	5.963GiB / 44GiB
2026-10-01T02:17:02Z	45774332	0.00	23268	5.963GiB / 44GiB
2026-10-01T02:17:08Z	45760956	0.00	23268	5.963GiB / 44GiB
2026-10-01T02:17:14Z	45849060	0.00	23268	5.963GiB / 44GiB
2026-10-01T02:17:20Z	45836792	0.00	23268	5.963GiB / 44GiB
2026-10-01T02:17:26Z	45799504	0.00	23268	5.963GiB / 44GiB
2026-10-01T02:17:32Z	45808208	0.00	23268	5.963GiB / 44GiB
2026-10-01T02:17:38Z	45831348	0.00	23268	5.963GiB / 44GiB
2026-10-01T02:17:44Z	46283948	0.00	23268	5.963GiB / 44GiB
2026-10-01T02:17:50Z	45832504	0.00	23268	5.963GiB / 44GiB
2026-10-01T02:17:56Z	45704800	0.00	23268	5.963GiB / 44GiB
2026-10-01T02:18:02Z	45680132	0.00	23268	5.963GiB / 44GiB
2026-10-01T02:18:08Z	45708932	0.00	23268	5.963GiB / 44GiB
2026-10-01T02:18:14Z	45656680	0.00	23268	5.963GiB / 44GiB
2026-10-01T02:18:20Z	45614672	0.00	23268	5.963GiB / 44GiB
2026-10-01T02:18:26Z	45592772	0.00	23268	5.963GiB / 44GiB
2026-10-01T02:18:33Z	45576976	0.00	23268	5.963GiB / 44GiB
2026-10-01T02:18:39Z	45597080	0.00	23268	5.963GiB / 44GiB
2026-10-01T02:18:45Z	45780028	0.00	23268	5.963GiB / 44GiB
2026-10-01T02:18:51Z	45836964	0.00	23268	5.963GiB / 44GiB
2026-10-01T02:18:57Z	45856984	0.00	23268	5.963GiB / 44GiB
2026-10-01T02:19:03Z	45842996	0.00	23268	5.963GiB / 44GiB
2026-10-01T02:19:09Z	45878220	0.00	23268	5.963GiB / 44GiB
2026-10-01T02:19:15Z	45908060	0.00	23268	5.963GiB / 44GiB
2026-10-01T02:19:21Z	45901004	0.00	23268	5.963GiB / 44GiB
2026-10-01T02:19:27Z	45863548	0.00	23268	5.963GiB / 44GiB
2026-10-01T02:19:33Z	45887944	0.00	23268	5.963GiB / 44GiB
2026-10-01T02:19:39Z	45906504	0.00	23268	5.963GiB / 44GiB
2026-10-01T02:19:45Z	45873684	0.00	23268	5.975GiB / 44GiB
2026-10-01T02:19:51Z	45862752	0.00	23268	5.975GiB / 44GiB
2026-10-01T02:19:57Z	45861604	0.00	23268	5.975GiB / 44GiB
2026-10-01T02:20:03Z	45751416	0.00	23268	5.975GiB / 44GiB
2026-10-01T02:20:09Z	45883156	0.00	23268	5.975GiB / 44GiB
2026-10-01T02:20:15Z	46036340	0.00	23268	5.974GiB / 44GiB
2026-10-01T02:20:21Z	45875040	0.00	23268	5.975GiB / 44GiB
2026-10-01T02:20:27Z	45852604	0.00	23268	5.975GiB / 44GiB
2026-10-01T02:20:33Z	45879096	0.00	23268	5.975GiB / 44GiB
2026-10-01T02:20:40Z	45817024	0.00	23268	5.975GiB / 44GiB
2026-10-01T02:20:46Z	45885140	0.00	23268	5.975GiB / 44GiB
2026-10-01T02:20:52Z	45887352	0.00	23268	5.975GiB / 44GiB
2026-10-01T02:20:58Z	45874784	0.00	23268	5.975GiB / 44GiB
2026-10-01T02:21:04Z	45844972	0.00	23268	5.975GiB / 44GiB
2026-10-01T02:21:10Z	45795832	0.00	23268	5.975GiB / 44GiB
2026-10-01T02:21:16Z	45848008	0.00	23268	5.975GiB / 44GiB
2026-10-01T02:21:22Z	45839860	0.00	23268	5.975GiB / 44GiB
2026-10-01T02:21:28Z	45727700	0.00	23268	5.976GiB / 44GiB
2026-10-01T02:21:34Z	45622204	0.00	23268	5.975GiB / 44GiB
2026-10-01T02:21:40Z	45664980	0.00	23268	5.975GiB / 44GiB
2026-10-01T02:21:46Z	45635640	0.00	23268	5.976GiB / 44GiB
2026-10-01T02:21:52Z	45660624	0.00	23268	5.975GiB / 44GiB
2026-10-01T02:21:58Z	45815160	0.00	23268	5.975GiB / 44GiB
2026-10-01T02:22:04Z	45824180	0.00	23268	5.975GiB / 44GiB
2026-10-01T02:22:10Z	45825128	0.00	23268	5.976GiB / 44GiB
2026-10-01T02:22:16Z	45805452	0.00	23268	5.976GiB / 44GiB
2026-10-01T02:22:22Z	45809284	0.00	23268	5.976GiB / 44GiB
2026-10-01T02:22:28Z	45815360	0.00	23268	5.976GiB / 44GiB
2026-10-01T02:22:34Z	45843216	0.00	23268	5.976GiB / 44GiB
2026-10-01T02:22:41Z	45801268	0.00	23268	5.976GiB / 44GiB
2026-10-01T02:22:47Z	45824116	0.00	23268	5.977GiB / 44GiB
2026-10-01T02:22:53Z	45822176	0.00	23268	5.977GiB / 44GiB
2026-10-01T02:22:59Z	45834980	0.00	23268	5.977GiB / 44GiB
2026-10-01T02:23:05Z	45854332	0.00	23268	5.977GiB / 44GiB
2026-10-01T02:23:11Z	45799340	0.00	23268	5.977GiB / 44GiB
2026-10-01T02:23:17Z	45844048	0.00	23268	5.977GiB / 44GiB
2026-10-01T02:23:23Z	45839996	0.00	23268	5.977GiB / 44GiB
2026-10-01T02:23:29Z	45825208	0.00	23268	5.977GiB / 44GiB
2026-10-01T02:23:35Z	45877824	0.00	23268	5.977GiB / 44GiB
2026-10-01T02:23:41Z	45869104	0.00	23268	5.977GiB / 44GiB
2026-10-01T02:23:47Z	45844616	0.00	23268	5.976GiB / 44GiB
2026-10-01T02:23:53Z	45886868	0.00	23268	5.977GiB / 44GiB
2026-10-01T02:23:59Z	45880456	0.00	23268	5.976GiB / 44GiB
2026-10-01T02:24:05Z	45878548	0.00	23268	5.976GiB / 44GiB
2026-10-01T02:24:11Z	45927056	0.00	23268	5.976GiB / 44GiB
2026-10-01T02:24:17Z	45905224	0.00	23268	5.977GiB / 44GiB
2026-10-01T02:24:23Z	45866372	0.00	23268	5.977GiB / 44GiB
2026-10-01T02:24:29Z	45875056	0.00	23268	5.977GiB / 44GiB
2026-10-01T02:24:35Z	45885832	0.00	23268	5.977GiB / 44GiB
2026-10-01T02:24:41Z	45913372	0.00	23268	5.977GiB / 44GiB
2026-10-01T02:24:47Z	45867088	0.00	23268	5.977GiB / 44GiB
2026-10-01T02:24:54Z	45898104	0.00	23268	5.977GiB / 44GiB
2026-10-01T02:25:00Z	45810008	0.00	23268	5.977GiB / 44GiB
2026-10-01T02:25:06Z	45840904	0.00	23268	5.977GiB / 44GiB
2026-10-01T02:25:12Z	45874340	0.00	23268	5.977GiB / 44GiB
2026-10-01T02:25:18Z	45863788	0.00	23268	5.977GiB / 44GiB
2026-10-01T02:25:24Z	45835480	0.00	23268	5.977GiB / 44GiB
2026-10-01T02:25:30Z	45889648	0.00	23268	5.977GiB / 44GiB
2026-10-01T02:25:36Z	45841572	0.00	23268	5.977GiB / 44GiB
2026-10-01T02:25:42Z	45881332	0.00	23268	5.977GiB / 44GiB
2026-10-01T02:25:48Z	45891008	0.00	23268	5.977GiB / 44GiB
2026-10-01T02:25:54Z	45868140	0.00	23268	5.976GiB / 44GiB
2026-10-01T02:26:00Z	45886616	0.00	23268	5.977GiB / 44GiB
2026-10-01T02:26:06Z	45850436	0.00	23268	5.978GiB / 44GiB
2026-10-01T02:26:12Z	45859164	0.00	23268	5.978GiB / 44GiB
2026-10-01T02:26:18Z	45879352	0.00	23268	5.978GiB / 44GiB
2026-10-01T02:26:24Z	45870984	0.00	23268	5.978GiB / 44GiB
2026-10-01T02:26:30Z	45863816	0.00	23268	5.977GiB / 44GiB
2026-10-01T02:26:36Z	45887276	0.00	23268	5.977GiB / 44GiB
2026-10-01T02:26:42Z	45911476	0.00	23268	5.978GiB / 44GiB
2026-10-01T02:26:48Z	45869884	0.00	23268	5.978GiB / 44GiB
2026-10-01T02:26:54Z	45874332	0.00	23268	5.977GiB / 44GiB
2026-10-01T02:27:01Z	45902612	0.00	23268	5.978GiB / 44GiB
2026-10-01T02:27:07Z	45912016	0.00	23268	5.978GiB / 44GiB
2026-10-01T02:27:13Z	45914728	0.00	23268	5.978GiB / 44GiB
2026-10-01T02:27:19Z	45912524	0.00	23268	5.978GiB / 44GiB
2026-10-01T02:27:25Z	45839864	0.00	23268	5.977GiB / 44GiB
2026-10-01T02:27:31Z	45855152	0.00	23268	5.978GiB / 44GiB
2026-10-01T02:27:37Z	45870784	0.00	23268	5.977GiB / 44GiB
2026-10-01T02:27:43Z	46387732	0.00	23268	5.978GiB / 44GiB
2026-10-01T02:27:49Z	45926672	0.00	23268	5.978GiB / 44GiB
2026-10-01T02:27:55Z	45846552	0.00	23268	5.977GiB / 44GiB
2026-10-01T02:28:01Z	45804460	0.00	23268	5.978GiB / 44GiB
2026-10-01T02:28:07Z	45855756	0.00	23268	5.978GiB / 44GiB
2026-10-01T02:28:13Z	45895880	0.00	23268	5.977GiB / 44GiB
