2026-10-01T11:36:04Z	48689368	0.41	9	309.5MiB / 44GiB
2026-10-01T11:36:10Z	48436928	0.22	9	798.4MiB / 44GiB
2026-10-01T11:36:16Z	48481756	0.12	9	953MiB / 44GiB
2026-10-01T11:36:22Z	48411840	0.06	9	1.328GiB / 44GiB
2026-10-01T11:36:28Z	47908584	0.03	9	1.756GiB / 44GiB
2026-10-01T11:36:34Z	48166676	0.01	9	1.865GiB / 44GiB
2026-10-01T11:36:40Z	47757732	0.01	9	2.015GiB / 44GiB
2026-10-01T11:36:46Z	47790692	0.00	12	2.021GiB / 44GiB
2026-10-01T11:36:53Z	47202936	0.00	12	2.609GiB / 44GiB
2026-10-01T11:36:59Z	46667160	0.00	558	3.048GiB / 44GiB
2026-10-01T11:37:05Z	46772992	0.00	562	4.067GiB / 44GiB
2026-10-01T11:37:11Z	46866520	0.00	562	5.001GiB / 44GiB
2026-10-01T11:37:17Z	47021444	0.00	562	5.956GiB / 44GiB
2026-10-01T11:37:23Z	46920304	0.00	562	6.814GiB / 44GiB
2026-10-01T11:37:29Z	46981660	0.00	562	7.746GiB / 44GiB
2026-10-01T11:37:35Z	47013652	0.00	562	8.677GiB / 44GiB
2026-10-01T11:37:41Z	46897900	0.00	1782	2.94GiB / 44GiB
2026-10-01T11:37:47Z	47061316	0.00	3554	3.853GiB / 44GiB
2026-10-01T11:37:53Z	46944352	0.00	6112	4.788GiB / 44GiB
2026-10-01T11:37:59Z	46932740	0.00	8346	5.658GiB / 44GiB
2026-10-01T11:38:05Z	46873588	0.00	10456	6.609GiB / 44GiB
2026-10-01T11:38:11Z	47033332	0.00	12060	7.631GiB / 44GiB
2026-10-01T11:38:17Z	46882772	0.00	12142	7.835GiB / 44GiB
2026-10-01T11:38:23Z	46794676	0.00	12142	7.876GiB / 44GiB
2026-10-01T11:38:29Z	46716612	0.00	12142	7.945GiB / 44GiB
2026-10-01T11:38:35Z	46697132	0.00	12404	7.963GiB / 44GiB
2026-10-01T11:38:41Z	46656168	0.00	12404	7.995GiB / 44GiB
2026-10-01T11:38:48Z	46658132	0.00	12404	8.013GiB / 44GiB
2026-10-01T11:38:54Z	46663268	0.00	12404	8.034GiB / 44GiB
2026-10-01T11:39:00Z	46653728	0.00	12404	8.046GiB / 44GiB
2026-10-01T11:39:06Z	46548652	0.00	12404	8.075GiB / 44GiB
2026-10-01T11:39:12Z	46293392	0.00	12622	8.336GiB / 44GiB
2026-10-01T11:39:18Z	46244920	0.00	12622	8.343GiB / 44GiB
2026-10-01T11:39:24Z	46219756	0.00	12622	8.367GiB / 44GiB
2026-10-01T11:39:30Z	46225912	0.00	12622	8.376GiB / 44GiB
2026-10-01T11:39:36Z	46163332	0.00	12624	8.396GiB / 44GiB
2026-10-01T11:39:42Z	46158900	0.00	12624	8.41GiB / 44GiB
2026-10-01T11:39:48Z	46167608	0.00	12626	8.42GiB / 44GiB
2026-10-01T11:39:54Z	46145068	0.00	12626	8.438GiB / 44GiB
2026-10-01T11:40:00Z	46187976	0.00	12626	8.46GiB / 44GiB
2026-10-01T11:40:06Z	46095828	0.00	12702	8.488GiB / 44GiB
2026-10-01T11:40:12Z	46112304	0.00	12166	8.668GiB / 44GiB
2026-10-01T11:40:18Z	45946444	0.00	13568	8.848GiB / 44GiB
2026-10-01T11:40:24Z	45741768	0.00	22898	8.97GiB / 44GiB
2026-10-01T11:40:30Z	45583844	0.00	22900	9.034GiB / 44GiB
2026-10-01T11:40:36Z	45546936	0.00	22900	9.02GiB / 44GiB
2026-10-01T11:40:42Z	45517408	0.00	22900	9.05GiB / 44GiB
2026-10-01T11:40:49Z	45397732	0.00	22634	9.398GiB / 44GiB
2026-10-01T11:40:55Z	45308332	0.00	23120	9.408GiB / 44GiB
2026-10-01T11:41:01Z	45312816	0.00	23120	9.408GiB / 44GiB
2026-10-01T11:41:07Z	45330572	0.00	23142	9.582GiB / 44GiB
2026-10-01T11:41:13Z	45182448	0.00	23142	9.582GiB / 44GiB
2026-10-01T11:41:19Z	45225400	0.00	23142	9.582GiB / 44GiB
2026-10-01T11:41:25Z	45204248	0.00	23142	9.583GiB / 44GiB
2026-10-01T11:41:31Z	45242944	0.00	23142	9.582GiB / 44GiB
2026-10-01T11:41:37Z	45237772	0.00	23142	9.582GiB / 44GiB
2026-10-01T11:41:43Z	45275884	0.00	23142	9.583GiB / 44GiB
2026-10-01T11:41:49Z	45242616	0.00	23142	9.583GiB / 44GiB
2026-10-01T11:41:55Z	45253516	0.00	23142	9.583GiB / 44GiB
2026-10-01T11:42:01Z	45258216	0.00	23142	9.583GiB / 44GiB
2026-10-01T11:42:07Z	45218120	0.00	23142	9.583GiB / 44GiB
2026-10-01T11:42:13Z	45261248	0.00	23142	9.582GiB / 44GiB
2026-10-01T11:42:19Z	45267632	0.00	23142	9.583GiB / 44GiB
2026-10-01T11:42:25Z	45264644	0.00	23142	9.585GiB / 44GiB
2026-10-01T11:42:31Z	45267936	0.00	23142	9.584GiB / 44GiB
2026-10-01T11:42:37Z	45261824	0.00	23142	9.584GiB / 44GiB
2026-10-01T11:42:43Z	45262336	0.00	23142	9.584GiB / 44GiB
2026-10-01T11:42:49Z	45234652	0.00	23142	9.584GiB / 44GiB
2026-10-01T11:42:55Z	45243616	0.00	23142	9.585GiB / 44GiB
2026-10-01T11:43:02Z	45214540	0.00	23142	9.583GiB / 44GiB
2026-10-01T11:43:08Z	45210656	0.00	23142	9.583GiB / 44GiB
2026-10-01T11:43:14Z	45269640	0.00	23142	7.157GiB / 44GiB
