2026-10-01T11:25:47Z	guard=active	trip=false	55, 41.28, 370.00, 9, 0, 210
2026-10-01T11:25:52Z	guard=active	trip=false	58, 104.61, 370.00, 1790, 4, 1350
2026-10-01T11:25:57Z	guard=active	trip=false	57, 104.50, 370.00, 5298, 3, 1350
2026-10-01T11:26:02Z	guard=active	trip=false	57, 104.24, 370.00, 23280, 1, 1350
2026-10-01T11:26:07Z	guard=active	trip=false	57, 104.17, 370.00, 23280, 2, 1350
2026-10-01T11:26:12Z	guard=active	trip=false	57, 104.33, 370.00, 23280, 2, 1350
2026-10-01T11:26:17Z	guard=active	trip=false	57, 104.30, 370.00, 23280, 2, 1350
2026-10-01T11:26:22Z	guard=active	trip=false	57, 104.04, 370.00, 23280, 2, 1350
2026-10-01T11:26:27Z	guard=active	trip=false	57, 104.00, 370.00, 23280, 2, 1350
2026-10-01T11:26:32Z	guard=active	trip=false	56, 104.06, 370.00, 23280, 2, 1350
2026-10-01T11:26:37Z	guard=active	trip=false	56, 104.10, 370.00, 23280, 2, 1350
2026-10-01T11:26:42Z	guard=active	trip=false	56, 103.83, 370.00, 23280, 2, 1350
2026-10-01T11:26:47Z	guard=active	trip=false	56, 103.30, 370.00, 23280, 2, 1350
2026-10-01T11:26:52Z	guard=active	trip=false	56, 103.39, 370.00, 23280, 1, 1350
2026-10-01T11:26:57Z	guard=active	trip=false	56, 103.49, 370.00, 23280, 2, 1350
2026-10-01T11:27:02Z	guard=active	trip=false	56, 103.23, 370.00, 23280, 2, 1350
2026-10-01T11:27:07Z	guard=active	trip=false	56, 103.51, 370.00, 23280, 2, 1350
2026-10-01T11:27:12Z	guard=active	trip=false	56, 103.13, 370.00, 23280, 0, 1350
2026-10-01T11:27:17Z	guard=active	trip=false	56, 103.15, 370.00, 23280, 2, 1350
2026-10-01T11:27:22Z	guard=active	trip=false	55, 103.06, 370.00, 23316, 0, 1350
2026-10-01T11:27:27Z	guard=active	trip=false	55, 102.77, 370.00, 23316, 0, 1350
2026-10-01T11:27:32Z	guard=active	trip=false	55, 102.62, 370.00, 23316, 0, 1350
2026-10-01T11:27:37Z	guard=active	trip=false	52, 39.45, 370.00, 23316, 0, 210
2026-10-01T11:27:42Z	guard=active	trip=false	51, 37.27, 370.00, 23316, 0, 210
2026-10-01T11:27:48Z	guard=active	trip=false	50, 36.88, 370.00, 23316, 0, 210
2026-10-01T11:27:53Z	guard=active	trip=false	50, 36.81, 370.00, 23316, 0, 210
2026-10-01T11:27:58Z	guard=active	trip=false	49, 36.63, 370.00, 23316, 0, 210
2026-10-01T11:28:03Z	guard=active	trip=false	49, 36.41, 370.00, 23316, 0, 210
2026-10-01T11:28:08Z	guard=active	trip=false	55, 128.85, 370.00, 23734, 82, 1350
2026-10-01T11:28:13Z	guard=active	trip=false	57, 165.82, 370.00, 23800, 73, 1350
2026-10-01T11:28:18Z	guard=active	trip=false	58, 191.56, 370.00, 23802, 100, 1350
2026-10-01T11:28:23Z	guard=active	trip=false	58, 178.64, 370.00, 23820, 91, 1350
2026-10-01T11:28:28Z	guard=active	trip=false	59, 189.76, 370.00, 23820, 96, 1350
2026-10-01T11:28:33Z	guard=active	trip=false	59, 191.13, 370.00, 23820, 94, 1350
2026-10-01T11:28:38Z	guard=active	trip=false	61, 198.49, 370.00, 23820, 95, 1350
2026-10-01T11:28:43Z	guard=active	trip=false	61, 197.11, 370.00, 23820, 100, 1350
2026-10-01T11:28:48Z	guard=active	trip=false	61, 189.48, 370.00, 23820, 95, 1350
2026-10-01T11:28:53Z	guard=active	trip=false	61, 191.29, 370.00, 23820, 96, 1350
2026-10-01T11:28:58Z	guard=active	trip=false	63, 190.11, 370.00, 23820, 100, 1350
2026-10-01T11:29:03Z	guard=active	trip=false	62, 156.10, 370.00, 23820, 100, 1350
2026-10-01T11:29:08Z	guard=active	trip=false	64, 198.66, 370.00, 23820, 100, 1350
2026-10-01T11:29:13Z	guard=active	trip=false	61, 128.18, 370.00, 23820, 32, 1350
2026-10-01T11:29:18Z	guard=active	trip=false	59, 133.11, 370.00, 23820, 0, 1350
2026-10-01T11:29:23Z	guard=active	trip=false	58, 107.62, 370.00, 23820, 0, 1350
2026-10-01T11:29:28Z	guard=active	trip=false	59, 118.59, 370.00, 23820, 0, 1350
2026-10-01T11:29:33Z	guard=active	trip=false	61, 185.89, 370.00, 23820, 57, 1350
2026-10-01T11:29:38Z	guard=active	trip=false	64, 191.63, 370.00, 23820, 100, 1350
2026-10-01T11:29:43Z	guard=active	trip=false	63, 185.46, 370.00, 23820, 93, 1350
2026-10-01T11:29:49Z	guard=active	trip=false	64, 191.52, 370.00, 23820, 87, 1350
2026-10-01T11:29:54Z	guard=active	trip=false	61, 143.58, 370.00, 23820, 0, 1350
2026-10-01T11:29:59Z	guard=active	trip=false	61, 140.93, 370.00, 23820, 21, 1350
2026-10-01T11:30:04Z	guard=active	trip=false	63, 192.11, 370.00, 23820, 68, 1350
2026-10-01T11:30:09Z	guard=active	trip=false	66, 218.50, 370.00, 23820, 100, 1350
2026-10-01T11:30:14Z	guard=active	trip=false	61, 119.19, 370.00, 5408, 100, 1350
