2026-10-01T10:26:53Z	48994928	0.00	9	320.2MiB / 44GiB
2026-10-01T10:26:59Z	48308140	0.00	1790	1.339GiB / 44GiB
2026-10-01T10:27:05Z	46057380	0.00	4922	4.552GiB / 44GiB
2026-10-01T10:27:11Z	45953484	0.00	23280	6.202GiB / 44GiB
2026-10-01T10:27:17Z	45979404	0.00	23280	7.823GiB / 44GiB
2026-10-01T10:27:23Z	46023212	0.00	23280	9.444GiB / 44GiB
2026-10-01T10:27:29Z	46043236	0.00	23280	11.06GiB / 44GiB
2026-10-01T10:27:35Z	45974988	0.00	23280	12.59GiB / 44GiB
2026-10-01T10:27:41Z	46018696	0.00	23280	14.19GiB / 44GiB
2026-10-01T10:27:47Z	46041224	0.00	23280	15.79GiB / 44GiB
2026-10-01T10:27:53Z	46036260	0.00	23280	3.087GiB / 44GiB
2026-10-01T10:27:59Z	46057780	0.00	23280	4.667GiB / 44GiB
2026-10-01T10:28:05Z	46001668	0.00	23280	6.21GiB / 44GiB
2026-10-01T10:28:11Z	46052120	0.00	23280	7.807GiB / 44GiB
2026-10-01T10:28:17Z	46033108	0.00	23280	9.384GiB / 44GiB
2026-10-01T10:28:23Z	28286256	0.00	23280	28.61GiB / 44GiB
2026-10-01T10:28:30Z	25415132	3.67	23320	23.65GiB / 44GiB
2026-10-01T10:28:36Z	25332428	2.38	23320	23.59GiB / 44GiB
2026-10-01T10:28:42Z	25350456	1.54	23320	23.38GiB / 44GiB
2026-10-01T10:28:48Z	25344432	0.85	23320	23.55GiB / 44GiB
2026-10-01T10:28:54Z	25298296	0.46	23320	23.35GiB / 44GiB
2026-10-01T10:29:00Z	25265572	0.25	23320	23.66GiB / 44GiB
2026-10-01T10:29:06Z	24383264	0.13	23414	23.83GiB / 44GiB
2026-10-01T10:29:12Z	23642708	0.06	23810	24.17GiB / 44GiB
2026-10-01T10:29:18Z	23647752	0.03	23828	24.17GiB / 44GiB
2026-10-01T10:29:24Z	23644656	0.01	23828	24.17GiB / 44GiB
2026-10-01T10:29:30Z	23624000	0.00	23828	24.17GiB / 44GiB
2026-10-01T10:29:36Z	23621776	0.00	23828	24.17GiB / 44GiB
2026-10-01T10:29:42Z	23624824	0.00	23848	24.19GiB / 44GiB
2026-10-01T10:29:48Z	23639204	0.00	23848	24.19GiB / 44GiB
2026-10-01T10:29:54Z	23643320	0.00	23848	24.19GiB / 44GiB
2026-10-01T10:30:00Z	23640260	0.00	23848	24.19GiB / 44GiB
2026-10-01T10:30:06Z	23585620	0.00	23848	24.19GiB / 44GiB
2026-10-01T10:30:12Z	23618268	0.00	23848	24.19GiB / 44GiB
2026-10-01T10:30:18Z	23653188	0.00	23848	24.19GiB / 44GiB
2026-10-01T10:30:25Z	23570664	0.00	23848	24.19GiB / 44GiB
2026-10-01T10:30:31Z	23646644	0.00	23854	24.19GiB / 44GiB
2026-10-01T10:30:37Z	23592460	0.00	23854	24.19GiB / 44GiB
2026-10-01T10:30:43Z	23563500	0.00	23854	24.19GiB / 44GiB
2026-10-01T10:30:49Z	23622032	0.00	23854	24.19GiB / 44GiB
2026-10-01T10:30:55Z	23601784	0.00	23854	24.19GiB / 44GiB
2026-10-01T10:31:01Z	23584780	0.00	23854	24.19GiB / 44GiB
2026-10-01T10:31:07Z	23602192	0.00	23854	24.19GiB / 44GiB
2026-10-01T10:31:13Z	23561984	0.00	23854	24.19GiB / 44GiB
2026-10-01T10:31:19Z	23565020	0.00	23854	24.19GiB / 44GiB
2026-10-01T10:31:25Z	23559732	0.00	23854	24.19GiB / 44GiB
2026-10-01T10:31:31Z	23573608	0.00	23854	24.19GiB / 44GiB
2026-10-01T10:31:37Z	23613392	0.00	23854	24.19GiB / 44GiB
2026-10-01T10:31:43Z	23628128	0.00	23854	24.19GiB / 44GiB
2026-10-01T10:31:49Z	23621540	0.00	23854	24.19GiB / 44GiB
2026-10-01T10:31:55Z	23595300	0.00	23854	24.19GiB / 44GiB
2026-10-01T10:32:01Z	23591288	0.00	23854	24.19GiB / 44GiB
2026-10-01T10:32:07Z	23573336	0.00	23854	24.19GiB / 44GiB
2026-10-01T10:32:13Z	23623676	0.00	23854	24.08GiB / 44GiB
2026-10-01T10:32:20Z	23591188	0.00	23854	24.19GiB / 44GiB
2026-10-01T10:32:26Z	23581412	0.00	23854	24.19GiB / 44GiB
2026-10-01T10:32:32Z	23605324	0.00	23854	24.19GiB / 44GiB
2026-10-01T10:32:38Z	23644692	0.00	23854	24.19GiB / 44GiB
2026-10-01T10:32:44Z	23627172	0.00	23854	24.19GiB / 44GiB
2026-10-01T10:32:50Z	23585136	0.00	23854	24.19GiB / 44GiB
2026-10-01T10:32:56Z	23574720	0.00	23854	24.19GiB / 44GiB
2026-10-01T10:33:02Z	23629568	0.00	23854	24.19GiB / 44GiB
2026-10-01T10:33:08Z	23603032	0.00	23854	24.19GiB / 44GiB
2026-10-01T10:33:14Z	23629156	0.00	23854	24.19GiB / 44GiB
2026-10-01T10:33:20Z	23647620	0.00	23854	24.19GiB / 44GiB
2026-10-01T10:33:26Z	23613616	0.00	23854	24.19GiB / 44GiB
2026-10-01T10:33:32Z	23615736	0.00	23854	24.19GiB / 44GiB
2026-10-01T10:33:38Z	23648704	0.00	23854	24.19GiB / 44GiB
2026-10-01T10:33:44Z	23612580	0.00	23854	24.19GiB / 44GiB
2026-10-01T10:33:50Z	23605988	0.00	23854	24.19GiB / 44GiB
2026-10-01T10:33:56Z	23599464	0.00	23854	24.19GiB / 44GiB
2026-10-01T10:34:02Z	23559936	0.00	23854	24.19GiB / 44GiB
2026-10-01T10:34:08Z	23533180	0.00	23854	24.19GiB / 44GiB
2026-10-01T10:34:15Z	23596668	0.00	23854	24.19GiB / 44GiB
2026-10-01T10:34:21Z	23570788	0.00	23854	24.19GiB / 44GiB
2026-10-01T10:34:27Z	23592996	0.00	23854	24.19GiB / 44GiB
2026-10-01T10:34:33Z	23578432	0.00	23854	24.19GiB / 44GiB
2026-10-01T10:34:39Z	23594664	0.00	23854	24.19GiB / 44GiB
2026-10-01T10:34:45Z	23620864	0.00	23854	24.19GiB / 44GiB
2026-10-01T10:34:51Z	23571336	0.00	23854	24.19GiB / 44GiB
2026-10-01T10:34:57Z	23577132	0.00	23854	24.19GiB / 44GiB
2026-10-01T10:35:03Z	23617500	0.00	23854	24.19GiB / 44GiB
2026-10-01T10:35:09Z	23537420	0.00	23854	24.19GiB / 44GiB
2026-10-01T10:35:15Z	23592592	0.00	23854	24.19GiB / 44GiB
2026-10-01T10:35:21Z	23595492	0.00	23854	24.19GiB / 44GiB
2026-10-01T10:35:27Z	23560272	0.00	23854	24.19GiB / 44GiB
2026-10-01T10:35:33Z	23545000	0.00	23854	24.19GiB / 44GiB
2026-10-01T10:35:39Z	23613012	0.00	23854	24.19GiB / 44GiB
2026-10-01T10:35:45Z	23559572	0.00	23854	24.19GiB / 44GiB
2026-10-01T10:35:51Z	23585452	0.00	23854	24.19GiB / 44GiB
2026-10-01T10:35:57Z	23588676	0.00	23854	24.19GiB / 44GiB
2026-10-01T10:36:03Z	23588192	0.00	23854	24.19GiB / 44GiB
2026-10-01T10:36:10Z	23575248	0.00	23854	24.19GiB / 44GiB
2026-10-01T10:36:16Z	23602236	0.00	23854	24.19GiB / 44GiB
2026-10-01T10:36:22Z	23618344	0.00	23854	24.08GiB / 44GiB
2026-10-01T10:36:28Z	23543872	0.00	23854	24.19GiB / 44GiB
2026-10-01T10:36:34Z	23529528	0.00	23854	24.19GiB / 44GiB
2026-10-01T10:36:40Z	23565044	0.00	23854	24.19GiB / 44GiB
2026-10-01T10:36:46Z	23576432	0.00	23854	24.19GiB / 44GiB
2026-10-01T10:36:52Z	23593996	0.00	23854	24.19GiB / 44GiB
2026-10-01T10:36:58Z	23576420	0.00	23854	24.19GiB / 44GiB
2026-10-01T10:37:04Z	23575404	0.00	23854	24.19GiB / 44GiB
2026-10-01T10:37:10Z	23478420	0.00	23854	24.19GiB / 44GiB
2026-10-01T10:37:16Z	23544464	0.00	23854	24.19GiB / 44GiB
2026-10-01T10:37:22Z	23520712	0.00	23854	24.19GiB / 44GiB
2026-10-01T10:37:28Z	23547512	0.00	23854	24.19GiB / 44GiB
2026-10-01T10:37:34Z	23537356	0.00	23854	24.19GiB / 44GiB
2026-10-01T10:37:40Z	23597440	0.00	23854	24.19GiB / 44GiB
2026-10-01T10:37:46Z	23631800	0.00	23854	24.19GiB / 44GiB
2026-10-01T10:37:52Z	23585148	0.00	23854	24.19GiB / 44GiB
2026-10-01T10:37:58Z	23601676	0.00	23854	24.19GiB / 44GiB
2026-10-01T10:38:05Z	23578912	0.00	23854	24.19GiB / 44GiB
2026-10-01T10:38:11Z	23584412	0.00	23854	24.19GiB / 44GiB
2026-10-01T10:38:17Z	23604780	0.00	23854	24.19GiB / 44GiB
2026-10-01T10:38:23Z	23570640	0.00	23854	24.19GiB / 44GiB
2026-10-01T10:38:29Z	23537984	0.00	23854	24.19GiB / 44GiB
2026-10-01T10:38:35Z	23551828	0.00	23854	24.19GiB / 44GiB
2026-10-01T10:38:41Z	23574892	0.12	23854	24.19GiB / 44GiB
2026-10-01T10:38:47Z	23601560	0.06	23854	24.19GiB / 44GiB
2026-10-01T10:38:53Z	23598364	0.03	23854	24.19GiB / 44GiB
2026-10-01T10:38:59Z	23577988	0.01	23854	24.19GiB / 44GiB
2026-10-01T10:39:05Z	23573304	0.00	23854	24.19GiB / 44GiB
2026-10-01T10:39:11Z	23591692	0.00	23854	24.19GiB / 44GiB
2026-10-01T10:39:17Z	23572440	0.00	23854	24.19GiB / 44GiB
2026-10-01T10:39:23Z	23587720	0.00	23854	24.19GiB / 44GiB
2026-10-01T10:39:29Z	23614368	0.00	23854	24.19GiB / 44GiB
2026-10-01T10:39:35Z	23570920	0.00	23854	24.08GiB / 44GiB
2026-10-01T10:39:41Z	23611348	0.00	23854	24.19GiB / 44GiB
2026-10-01T10:39:47Z	23565852	0.00	23854	24.19GiB / 44GiB
2026-10-01T10:39:53Z	23603060	0.00	23854	24.19GiB / 44GiB
2026-10-01T10:40:00Z	23568056	0.00	23854	24.19GiB / 44GiB
2026-10-01T10:40:06Z	23504220	0.00	23854	24.19GiB / 44GiB
2026-10-01T10:40:12Z	23580000	0.00	23854	24.19GiB / 44GiB
2026-10-01T10:40:18Z	23624540	0.00	23854	24.19GiB / 44GiB
2026-10-01T10:40:24Z	23636360	0.00	23854	24.19GiB / 44GiB
2026-10-01T10:40:30Z	23613456	0.00	23854	24.19GiB / 44GiB
2026-10-01T10:40:36Z	23591876	0.00	23854	24.19GiB / 44GiB
2026-10-01T10:40:42Z	23615068	0.00	23854	24.19GiB / 44GiB
2026-10-01T10:40:48Z	23626996	0.00	23854	24.19GiB / 44GiB
2026-10-01T10:40:54Z	23595388	0.00	23854	24.19GiB / 44GiB
2026-10-01T10:41:00Z	23582548	0.00	23854	24.19GiB / 44GiB
2026-10-01T10:41:06Z	23583704	0.00	23854	24.19GiB / 44GiB
2026-10-01T10:41:13Z	23603248	0.00	23854	24.19GiB / 44GiB
2026-10-01T10:41:19Z	23576088	0.00	23854	24.19GiB / 44GiB
2026-10-01T10:41:25Z	23594408	0.00	23854	24.19GiB / 44GiB
2026-10-01T10:41:31Z	23579256	0.00	23854	24.19GiB / 44GiB
2026-10-01T10:41:37Z	23571428	0.00	23854	24.19GiB / 44GiB
2026-10-01T10:41:43Z	23623640	0.00	23854	24.19GiB / 44GiB
2026-10-01T10:41:49Z	23562060	0.00	23854	24.19GiB / 44GiB
2026-10-01T10:41:55Z	23593720	0.00	23854	24.19GiB / 44GiB
2026-10-01T10:42:01Z	23599664	0.36	23854	24.19GiB / 44GiB
2026-10-01T10:42:07Z	23534168	0.80	23854	24.19GiB / 44GiB
2026-10-01T10:42:13Z	23586568	0.44	23854	24.19GiB / 44GiB
2026-10-01T10:42:19Z	23582768	0.24	23854	24.19GiB / 44GiB
2026-10-01T10:42:25Z	23605976	0.13	23854	24.19GiB / 44GiB
2026-10-01T10:42:31Z	23597128	0.07	23854	24.19GiB / 44GiB
2026-10-01T10:42:37Z	23608148	0.03	23854	24.19GiB / 44GiB
2026-10-01T10:42:43Z	23617788	0.02	23854	24.19GiB / 44GiB
2026-10-01T10:42:50Z	23580932	0.01	23854	24.19GiB / 44GiB
2026-10-01T10:42:56Z	23563552	0.00	23854	24.19GiB / 44GiB
2026-10-01T10:43:02Z	23549464	0.00	23854	24.19GiB / 44GiB
2026-10-01T10:43:08Z	23572320	0.00	23854	24.19GiB / 44GiB
2026-10-01T10:43:14Z	23601572	0.00	23854	24.19GiB / 44GiB
2026-10-01T10:43:20Z	23597984	0.00	23854	24.19GiB / 44GiB
2026-10-01T10:43:26Z	23585312	0.00	23854	24.19GiB / 44GiB
2026-10-01T10:43:32Z	23572552	0.00	23854	24.19GiB / 44GiB
2026-10-01T10:43:38Z	23555148	0.00	23854	24.19GiB / 44GiB
2026-10-01T10:43:44Z	23577360	0.00	23854	24.19GiB / 44GiB
2026-10-01T10:43:50Z	23573944	0.00	23854	24.19GiB / 44GiB
2026-10-01T10:43:56Z	23555608	0.00	23854	24.19GiB / 44GiB
