2026-10-01T00:18:24Z	45691464	0.00	23644	4.028GiB / 44GiB
2026-10-01T00:18:31Z	45979832	0.00	23644	4.028GiB / 44GiB
2026-10-01T00:18:37Z	45990528	0.00	23662	4.583GiB / 44GiB
2026-10-01T00:18:43Z	45955460	0.00	23698	6.001GiB / 44GiB
2026-10-01T00:18:49Z	45886336	0.00	23760	7.817GiB / 44GiB
2026-10-01T00:18:55Z	45886136	0.00	23760	9.271GiB / 44GiB
2026-10-01T00:19:01Z	45821244	0.00	23772	10.83GiB / 44GiB
2026-10-01T00:19:07Z	45830156	4.17	23772	10.84GiB / 44GiB
2026-10-01T00:19:13Z	45955812	7.92	23772	11.3GiB / 44GiB
abort	2026-10-01T00:19:13Z	available_kib=45955812	pressure_avg10=7.92
