2026-10-01T09:26:53Z	49080072	0.00	9	306.4MiB / 44GiB
2026-10-01T09:26:59Z	48366152	0.18	1846	1.502GiB / 44GiB
2026-10-01T09:27:05Z	46255160	0.09	4922	4.733GiB / 44GiB
2026-10-01T09:27:11Z	46161488	0.05	23280	6.454GiB / 44GiB
2026-10-01T09:27:17Z	46124020	0.02	23280	8.212GiB / 44GiB
2026-10-01T09:27:23Z	46135956	0.01	23280	9.875GiB / 44GiB
2026-10-01T09:27:29Z	46081876	0.00	23280	11.45GiB / 44GiB
2026-10-01T09:27:35Z	46111064	0.00	23280	13.01GiB / 44GiB
2026-10-01T09:27:41Z	45954700	0.44	23280	14.55GiB / 44GiB
2026-10-01T09:27:47Z	45977736	0.24	23280	16.12GiB / 44GiB
2026-10-01T09:27:53Z	45921256	0.13	23280	17.65GiB / 44GiB
2026-10-01T09:27:59Z	45816848	0.07	23280	19.11GiB / 44GiB
2026-10-01T09:28:05Z	45228416	1.45	23280	20.45GiB / 44GiB
2026-10-01T09:28:11Z	45459560	4.22	23280	21.91GiB / 44GiB
2026-10-01T09:28:17Z	45254652	3.61	23280	23.23GiB / 44GiB
2026-10-01T09:28:24Z	40383356	2.49	23280	12.66GiB / 44GiB
2026-10-01T09:28:30Z	29105840	2.39	23312	19.77GiB / 44GiB
2026-10-01T09:28:36Z	29053564	1.31	23312	19.4GiB / 44GiB
2026-10-01T09:28:42Z	29013276	0.72	23312	20.03GiB / 44GiB
2026-10-01T09:28:48Z	28991244	0.39	23312	19.39GiB / 44GiB
2026-10-01T09:28:54Z	28993240	0.21	23312	19.71GiB / 44GiB
2026-10-01T09:29:00Z	28291884	0.11	23312	19.62GiB / 44GiB
2026-10-01T09:29:06Z	28121160	0.06	23312	19.4GiB / 44GiB
2026-10-01T09:29:12Z	26872400	0.03	23676	20.06GiB / 44GiB
2026-10-01T09:29:18Z	26381216	0.01	23818	20.39GiB / 44GiB
2026-10-01T09:29:24Z	27263704	0.00	23822	20.4GiB / 44GiB
2026-10-01T09:29:30Z	27280500	0.00	23822	20.4GiB / 44GiB
2026-10-01T09:29:36Z	27336596	0.00	23822	20.4GiB / 44GiB
2026-10-01T09:29:42Z	27390832	0.00	23822	20.4GiB / 44GiB
2026-10-01T09:29:48Z	27364720	0.00	23822	20.4GiB / 44GiB
2026-10-01T09:29:54Z	27379732	0.00	23822	20.4GiB / 44GiB
2026-10-01T09:30:00Z	27342828	0.00	23822	20.4GiB / 44GiB
2026-10-01T09:30:06Z	27370836	0.00	23822	20.4GiB / 44GiB
2026-10-01T09:30:13Z	27406648	0.00	23822	20.4GiB / 44GiB
2026-10-01T09:30:19Z	27403256	0.00	23822	20.4GiB / 44GiB
2026-10-01T09:30:25Z	27392144	0.00	23822	20.4GiB / 44GiB
2026-10-01T09:30:31Z	27361568	0.00	23822	20.4GiB / 44GiB
2026-10-01T09:30:37Z	27356568	0.00	23822	20.4GiB / 44GiB
2026-10-01T09:30:43Z	27396532	0.00	23822	20.4GiB / 44GiB
2026-10-01T09:30:49Z	27394624	0.00	23822	20.4GiB / 44GiB
2026-10-01T09:30:55Z	27389980	0.00	23822	20.4GiB / 44GiB
2026-10-01T09:31:01Z	27419436	0.00	23822	20.4GiB / 44GiB
2026-10-01T09:31:07Z	27393728	0.00	23822	20.4GiB / 44GiB
2026-10-01T09:31:13Z	27441328	0.00	23822	20.4GiB / 44GiB
2026-10-01T09:31:20Z	27420324	0.00	23822	20.4GiB / 44GiB
2026-10-01T09:31:26Z	27417152	0.00	23822	20.4GiB / 44GiB
2026-10-01T09:31:32Z	27428808	0.00	23822	20.4GiB / 44GiB
2026-10-01T09:31:38Z	27422804	0.00	23822	20.4GiB / 44GiB
2026-10-01T09:31:44Z	27467668	0.00	23822	20.4GiB / 44GiB
2026-10-01T09:31:51Z	27438352	0.00	23822	20.4GiB / 44GiB
2026-10-01T09:31:57Z	27513120	0.00	23822	20.29GiB / 44GiB
2026-10-01T09:32:03Z	27516072	0.00	23822	20.29GiB / 44GiB
2026-10-01T09:32:09Z	27504776	0.00	23822	20.29GiB / 44GiB
2026-10-01T09:32:15Z	27550408	0.00	23822	20.29GiB / 44GiB
2026-10-01T09:32:21Z	27556640	0.00	23822	20.56GiB / 44GiB
2026-10-01T09:32:27Z	27457812	0.00	23828	20.61GiB / 44GiB
2026-10-01T09:32:33Z	27409216	0.00	23828	20.61GiB / 44GiB
2026-10-01T09:32:39Z	27416592	0.00	23828	20.61GiB / 44GiB
2026-10-01T09:32:45Z	27450964	0.00	23828	20.61GiB / 44GiB
2026-10-01T09:32:51Z	27454100	0.00	23828	20.61GiB / 44GiB
2026-10-01T09:32:57Z	27422300	0.00	23828	20.61GiB / 44GiB
2026-10-01T09:33:03Z	27428416	0.00	23828	20.61GiB / 44GiB
2026-10-01T09:33:09Z	27428628	0.00	23828	20.61GiB / 44GiB
2026-10-01T09:33:16Z	27435444	0.48	23828	20.61GiB / 44GiB
2026-10-01T09:33:22Z	27427092	0.26	23828	20.61GiB / 44GiB
2026-10-01T09:33:28Z	27434136	0.14	23828	20.61GiB / 44GiB
2026-10-01T09:33:34Z	27376136	0.07	23828	20.61GiB / 44GiB
2026-10-01T09:33:40Z	27391296	0.04	23828	20.61GiB / 44GiB
2026-10-01T09:33:46Z	27477248	0.02	23828	20.61GiB / 44GiB
2026-10-01T09:33:52Z	27486716	0.01	23828	20.61GiB / 44GiB
2026-10-01T09:33:58Z	27470400	0.00	23828	20.61GiB / 44GiB
2026-10-01T09:34:04Z	27443392	0.00	23828	20.61GiB / 44GiB
2026-10-01T09:34:11Z	27451736	0.14	23828	20.61GiB / 44GiB
2026-10-01T09:34:17Z	27459168	0.20	23828	20.61GiB / 44GiB
2026-10-01T09:34:23Z	27453248	0.11	23828	20.61GiB / 44GiB
2026-10-01T09:34:29Z	27422980	0.06	23828	20.61GiB / 44GiB
2026-10-01T09:34:35Z	27441888	0.03	23828	20.61GiB / 44GiB
2026-10-01T09:34:41Z	27447316	0.01	23828	20.61GiB / 44GiB
2026-10-01T09:34:47Z	27450692	0.00	23828	20.61GiB / 44GiB
2026-10-01T09:34:54Z	27470372	0.00	23828	20.61GiB / 44GiB
2026-10-01T09:35:00Z	27428880	0.00	23828	20.61GiB / 44GiB
2026-10-01T09:35:06Z	27358824	0.00	23828	20.61GiB / 44GiB
2026-10-01T09:35:12Z	27419952	0.00	23828	20.61GiB / 44GiB
2026-10-01T09:35:18Z	27396188	0.00	23828	20.61GiB / 44GiB
2026-10-01T09:35:25Z	27362952	0.00	23828	20.61GiB / 44GiB
2026-10-01T09:35:31Z	27424840	0.00	23828	20.61GiB / 44GiB
2026-10-01T09:35:37Z	27462948	0.00	23828	20.61GiB / 44GiB
2026-10-01T09:35:43Z	27437652	0.00	23828	20.61GiB / 44GiB
2026-10-01T09:35:49Z	27465624	0.00	23828	20.61GiB / 44GiB
2026-10-01T09:35:55Z	27407496	0.00	23846	20.62GiB / 44GiB
2026-10-01T09:36:01Z	27420268	0.00	23846	20.63GiB / 44GiB
2026-10-01T09:36:07Z	27442280	0.00	23846	20.62GiB / 44GiB
2026-10-01T09:36:13Z	27475380	0.00	23846	20.63GiB / 44GiB
2026-10-01T09:36:19Z	27457164	0.00	23852	20.76GiB / 44GiB
2026-10-01T09:36:25Z	27433344	0.00	23852	20.76GiB / 44GiB
2026-10-01T09:36:31Z	27383096	0.00	23852	20.76GiB / 44GiB
2026-10-01T09:36:37Z	27403476	0.00	23852	20.76GiB / 44GiB
2026-10-01T09:36:43Z	27433960	0.00	23852	20.76GiB / 44GiB
2026-10-01T09:36:49Z	27441116	0.00	23852	20.76GiB / 44GiB
2026-10-01T09:36:55Z	27438208	0.00	23852	20.76GiB / 44GiB
2026-10-01T09:37:01Z	27412140	0.00	23852	20.76GiB / 44GiB
2026-10-01T09:37:07Z	27440996	0.00	23852	20.76GiB / 44GiB
2026-10-01T09:37:13Z	27475576	0.00	23852	20.76GiB / 44GiB
2026-10-01T09:37:20Z	27458332	0.00	23852	20.76GiB / 44GiB
2026-10-01T09:37:26Z	27475280	0.00	23852	20.76GiB / 44GiB
2026-10-01T09:37:32Z	27455016	0.00	23852	20.76GiB / 44GiB
2026-10-01T09:37:38Z	27444916	0.00	23852	20.76GiB / 44GiB
2026-10-01T09:37:44Z	27449668	0.00	23852	20.65GiB / 44GiB
2026-10-01T09:37:50Z	27471416	0.00	23852	20.76GiB / 44GiB
2026-10-01T09:37:56Z	27452444	0.00	23852	20.76GiB / 44GiB
2026-10-01T09:38:02Z	27471528	0.00	23852	20.76GiB / 44GiB
2026-10-01T09:38:08Z	27470528	0.00	23852	20.76GiB / 44GiB
2026-10-01T09:38:14Z	27448532	0.00	23852	20.76GiB / 44GiB
2026-10-01T09:38:20Z	27405628	0.00	23852	20.76GiB / 44GiB
2026-10-01T09:38:26Z	27455956	0.00	23852	20.76GiB / 44GiB
2026-10-01T09:38:32Z	27482472	0.00	23852	20.76GiB / 44GiB
2026-10-01T09:38:38Z	27463144	0.00	23852	20.76GiB / 44GiB
2026-10-01T09:38:44Z	27491640	0.00	23852	20.76GiB / 44GiB
2026-10-01T09:38:50Z	27466744	0.00	23852	20.76GiB / 44GiB
2026-10-01T09:38:56Z	27449684	0.00	23852	20.76GiB / 44GiB
2026-10-01T09:39:02Z	27455144	0.00	23852	20.76GiB / 44GiB
2026-10-01T09:39:09Z	27457964	0.00	23852	20.76GiB / 44GiB
2026-10-01T09:39:15Z	27506444	0.00	23852	20.76GiB / 44GiB
2026-10-01T09:39:21Z	27483740	0.00	23852	20.76GiB / 44GiB
2026-10-01T09:39:27Z	27407584	0.00	23852	20.76GiB / 44GiB
2026-10-01T09:39:33Z	27452252	0.00	23852	20.76GiB / 44GiB
2026-10-01T09:39:39Z	27413796	0.00	23852	20.76GiB / 44GiB
2026-10-01T09:39:45Z	27416328	0.00	23852	20.76GiB / 44GiB
2026-10-01T09:39:51Z	27445588	0.00	23852	20.76GiB / 44GiB
2026-10-01T09:39:57Z	27440968	0.00	23852	20.76GiB / 44GiB
2026-10-01T09:40:03Z	27471008	0.00	23852	20.76GiB / 44GiB
2026-10-01T09:40:09Z	27454988	0.00	23852	20.76GiB / 44GiB
2026-10-01T09:40:15Z	27458816	0.00	23852	20.76GiB / 44GiB
2026-10-01T09:40:21Z	27456352	0.00	23852	20.76GiB / 44GiB
2026-10-01T09:40:27Z	27416304	0.00	23852	20.76GiB / 44GiB
2026-10-01T09:40:33Z	27401768	0.00	23852	20.76GiB / 44GiB
2026-10-01T09:40:39Z	27438668	0.00	23852	20.76GiB / 44GiB
2026-10-01T09:40:46Z	27421276	0.00	23852	20.76GiB / 44GiB
2026-10-01T09:40:52Z	27436756	0.00	23852	20.76GiB / 44GiB
2026-10-01T09:40:58Z	27409168	0.00	23852	20.76GiB / 44GiB
2026-10-01T09:41:04Z	27434916	0.00	23852	20.76GiB / 44GiB
2026-10-01T09:41:10Z	27406064	0.00	23852	20.76GiB / 44GiB
2026-10-01T09:41:16Z	27419676	0.00	23852	20.76GiB / 44GiB
2026-10-01T09:41:22Z	27439852	0.00	23852	20.76GiB / 44GiB
2026-10-01T09:41:28Z	27450268	0.00	23852	20.76GiB / 44GiB
2026-10-01T09:41:36Z	27435840	0.00	23852	20.76GiB / 44GiB
2026-10-01T09:41:42Z	27459940	0.00	23852	20.76GiB / 44GiB
2026-10-01T09:41:48Z	27452792	0.00	23852	20.76GiB / 44GiB
2026-10-01T09:41:54Z	27427980	0.00	23852	20.76GiB / 44GiB
2026-10-01T09:42:00Z	27373400	0.00	23852	20.76GiB / 44GiB
2026-10-01T09:42:06Z	27413980	0.00	23852	20.76GiB / 44GiB
2026-10-01T09:42:13Z	27447148	0.00	23852	20.76GiB / 44GiB
2026-10-01T09:42:19Z	27437068	0.00	23852	20.82GiB / 44GiB
2026-10-01T09:42:25Z	27418256	0.00	23852	20.93GiB / 44GiB
2026-10-01T09:42:31Z	27394884	0.00	23852	20.93GiB / 44GiB
2026-10-01T09:42:37Z	27397028	0.00	23852	20.93GiB / 44GiB
2026-10-01T09:42:43Z	27436768	0.00	23852	20.92GiB / 44GiB
2026-10-01T09:42:49Z	27412740	0.00	23852	20.93GiB / 44GiB
2026-10-01T09:42:55Z	27395512	0.00	23852	20.93GiB / 44GiB
2026-10-01T09:43:01Z	27397268	0.00	23852	20.92GiB / 44GiB
2026-10-01T09:43:07Z	27423444	0.00	23852	20.93GiB / 44GiB
2026-10-01T09:43:13Z	27445584	0.00	23852	20.92GiB / 44GiB
2026-10-01T09:43:19Z	27422560	0.00	23852	20.92GiB / 44GiB
2026-10-01T09:43:25Z	27421392	0.00	23852	20.93GiB / 44GiB
2026-10-01T09:43:31Z	27409384	0.00	23852	20.93GiB / 44GiB
2026-10-01T09:43:38Z	27425260	0.00	23852	20.92GiB / 44GiB
2026-10-01T09:43:44Z	27432536	0.00	23852	20.92GiB / 44GiB
2026-10-01T09:43:51Z	27423228	0.24	23852	20.92GiB / 44GiB
2026-10-01T09:43:57Z	27429220	0.31	23852	20.93GiB / 44GiB
2026-10-01T09:44:03Z	27383220	0.17	23852	20.92GiB / 44GiB
2026-10-01T09:44:09Z	27389844	0.09	23852	20.93GiB / 44GiB
2026-10-01T09:44:15Z	26737576	0.05	23852	20.93GiB / 44GiB
2026-10-01T09:44:21Z	26984488	0.02	23852	20.93GiB / 44GiB
2026-10-01T09:44:27Z	26508556	0.01	23852	20.93GiB / 44GiB
2026-10-01T09:44:33Z	26590472	0.00	23852	20.93GiB / 44GiB
2026-10-01T09:44:39Z	26387360	0.00	23852	20.92GiB / 44GiB
2026-10-01T09:44:45Z	26119620	0.00	23852	20.93GiB / 44GiB
2026-10-01T09:44:51Z	26012888	0.00	23852	20.93GiB / 44GiB
2026-10-01T09:44:57Z	25982940	0.00	23852	20.93GiB / 44GiB
2026-10-01T09:45:04Z	27272196	0.00	23852	20.92GiB / 44GiB
2026-10-01T09:45:10Z	27314524	0.00	23852	20.92GiB / 44GiB
2026-10-01T09:45:16Z	27377780	0.00	23852	20.93GiB / 44GiB
2026-10-01T09:45:22Z	27365812	0.00	23852	20.93GiB / 44GiB
2026-10-01T09:45:28Z	27375292	0.00	23852	20.93GiB / 44GiB
2026-10-01T09:45:35Z	27403252	0.00	23852	20.93GiB / 44GiB
2026-10-01T09:45:42Z	27388664	0.00	23852	20.93GiB / 44GiB
2026-10-01T09:45:48Z	27419640	0.00	23852	20.93GiB / 44GiB
2026-10-01T09:45:54Z	28457336	0.00	23852	20.93GiB / 44GiB
2026-10-01T09:46:00Z	28331372	0.00	23852	20.93GiB / 44GiB
2026-10-01T09:46:06Z	27961180	0.00	23852	20.93GiB / 44GiB
2026-10-01T09:46:12Z	27495600	0.00	23852	20.93GiB / 44GiB
2026-10-01T09:46:18Z	27308200	0.00	23852	20.93GiB / 44GiB
2026-10-01T09:46:24Z	27354052	0.00	23852	20.93GiB / 44GiB
2026-10-01T09:46:30Z	27342064	0.00	23852	20.93GiB / 44GiB
2026-10-01T09:46:36Z	27366276	0.00	23852	20.93GiB / 44GiB
2026-10-01T09:46:42Z	27384500	0.00	23852	20.93GiB / 44GiB
2026-10-01T09:46:48Z	27321184	0.00	23852	20.93GiB / 44GiB
2026-10-01T09:46:54Z	27293888	0.00	23852	20.93GiB / 44GiB
2026-10-01T09:47:00Z	27285972	0.00	23852	20.93GiB / 44GiB
2026-10-01T09:47:06Z	27250628	0.00	23852	20.93GiB / 44GiB
2026-10-01T09:47:12Z	27245292	0.00	23852	20.93GiB / 44GiB
2026-10-01T09:47:19Z	27249220	0.00	23852	20.93GiB / 44GiB
2026-10-01T09:47:25Z	27253076	0.00	23852	20.93GiB / 44GiB
2026-10-01T09:47:31Z	27188200	0.00	23852	20.93GiB / 44GiB
2026-10-01T09:47:37Z	27198824	0.00	23852	20.93GiB / 44GiB
2026-10-01T09:47:43Z	27231372	0.00	23852	20.93GiB / 44GiB
2026-10-01T09:47:49Z	27176092	0.00	23852	20.93GiB / 44GiB
2026-10-01T09:47:55Z	27204600	0.00	23852	20.93GiB / 44GiB
2026-10-01T09:48:01Z	27218892	0.00	23852	20.93GiB / 44GiB
2026-10-01T09:48:07Z	27160680	0.00	23852	20.93GiB / 44GiB
2026-10-01T09:48:13Z	26926916	0.00	23852	20.93GiB / 44GiB
2026-10-01T09:48:19Z	26819424	0.00	23852	20.93GiB / 44GiB
2026-10-01T09:48:25Z	26732356	0.00	23852	20.93GiB / 44GiB
2026-10-01T09:48:31Z	26679484	0.00	23852	20.93GiB / 44GiB
2026-10-01T09:48:37Z	26744232	0.00	23852	20.93GiB / 44GiB
2026-10-01T09:48:43Z	27279816	0.00	23852	20.82GiB / 44GiB
2026-10-01T09:48:49Z	27208140	0.00	23852	21.08GiB / 44GiB
2026-10-01T09:48:55Z	27261444	0.00	23852	21.08GiB / 44GiB
2026-10-01T09:49:01Z	27273832	0.00	23852	21.15GiB / 44GiB
2026-10-01T09:49:07Z	27260288	0.00	23852	21.15GiB / 44GiB
2026-10-01T09:49:14Z	27298864	0.00	23852	21.15GiB / 44GiB
2026-10-01T09:49:20Z	27316304	0.00	23852	21.15GiB / 44GiB
2026-10-01T09:49:26Z	27241400	0.00	23852	21.15GiB / 44GiB
2026-10-01T09:49:32Z	27291488	0.00	23852	21.15GiB / 44GiB
2026-10-01T09:49:38Z	27277680	0.00	23852	21.15GiB / 44GiB
2026-10-01T09:49:44Z	27303272	0.00	23852	21.15GiB / 44GiB
2026-10-01T09:49:50Z	27259980	0.00	23852	21.15GiB / 44GiB
2026-10-01T09:49:56Z	27272052	0.00	23852	21.15GiB / 44GiB
2026-10-01T09:50:02Z	27258820	0.00	23852	21.15GiB / 44GiB
2026-10-01T09:50:08Z	27241364	0.00	23852	21.15GiB / 44GiB
2026-10-01T09:50:14Z	27298112	0.00	23852	21.15GiB / 44GiB
2026-10-01T09:50:20Z	27304668	0.00	23852	21.15GiB / 44GiB
2026-10-01T09:50:26Z	27303288	0.00	23852	21.15GiB / 44GiB
2026-10-01T09:50:32Z	27277560	0.00	23852	21.15GiB / 44GiB
2026-10-01T09:50:38Z	27303656	0.00	23852	21.04GiB / 44GiB
2026-10-01T09:50:44Z	27254112	0.00	23852	21.15GiB / 44GiB
2026-10-01T09:50:50Z	27317844	0.00	23852	21.15GiB / 44GiB
2026-10-01T09:50:56Z	27268608	0.00	23852	21.15GiB / 44GiB
2026-10-01T09:51:02Z	27242604	0.00	23852	21.15GiB / 44GiB
2026-10-01T09:51:09Z	27274380	0.00	23852	21.15GiB / 44GiB
2026-10-01T09:51:15Z	27317368	0.00	23852	21.15GiB / 44GiB
2026-10-01T09:51:21Z	27281508	0.00	23852	21.15GiB / 44GiB
2026-10-01T09:51:27Z	27310328	0.00	23852	21.15GiB / 44GiB
2026-10-01T09:51:33Z	27282712	0.00	23852	21.15GiB / 44GiB
2026-10-01T09:51:39Z	27286580	0.00	23852	21.15GiB / 44GiB
2026-10-01T09:51:45Z	27293040	0.00	23852	21.16GiB / 44GiB
2026-10-01T09:51:51Z	27294504	0.00	23852	21.27GiB / 44GiB
2026-10-01T09:51:57Z	27300264	0.00	23852	21.27GiB / 44GiB
2026-10-01T09:52:03Z	27312732	0.00	23852	21.27GiB / 44GiB
2026-10-01T09:52:09Z	27301692	0.00	23852	21.28GiB / 44GiB
2026-10-01T09:52:15Z	27297580	0.00	23852	21.27GiB / 44GiB
2026-10-01T09:52:21Z	27302040	0.00	23852	21.27GiB / 44GiB
2026-10-01T09:52:27Z	27308388	0.00	23852	21.27GiB / 44GiB
2026-10-01T09:52:34Z	27295664	0.00	23852	21.27GiB / 44GiB
2026-10-01T09:52:40Z	27282360	0.00	23852	21.27GiB / 44GiB
2026-10-01T09:52:46Z	27293216	0.00	23852	21.27GiB / 44GiB
2026-10-01T09:52:52Z	27255396	0.00	23852	21.27GiB / 44GiB
2026-10-01T09:52:58Z	27252424	0.00	23852	21.27GiB / 44GiB
2026-10-01T09:53:04Z	27291840	0.00	23852	21.27GiB / 44GiB
2026-10-01T09:53:10Z	27255468	0.00	23852	21.28GiB / 44GiB
2026-10-01T09:53:16Z	27288040	0.00	23852	21.27GiB / 44GiB
2026-10-01T09:53:22Z	27261920	0.00	23852	21.27GiB / 44GiB
2026-10-01T09:53:28Z	27283584	0.00	23852	21.27GiB / 44GiB
2026-10-01T09:53:34Z	27297312	0.00	23852	21.27GiB / 44GiB
2026-10-01T09:53:40Z	27275820	0.00	23852	21.27GiB / 44GiB
2026-10-01T09:53:46Z	27275132	0.00	23852	21.27GiB / 44GiB
2026-10-01T09:53:52Z	27221508	0.00	23852	21.27GiB / 44GiB
