2026-10-01T11:00:48Z	48846752	0.00	9	665.7MiB / 44GiB
2026-10-01T11:00:54Z	45843988	0.00	23280	2.959GiB / 44GiB
2026-10-01T11:01:00Z	46045836	0.00	23280	4.623GiB / 44GiB
2026-10-01T11:01:06Z	46078160	0.00	23280	6.286GiB / 44GiB
2026-10-01T11:01:12Z	46090356	0.00	23280	7.88GiB / 44GiB
2026-10-01T11:01:18Z	46088632	0.00	23280	9.457GiB / 44GiB
2026-10-01T11:01:24Z	46103164	0.00	23280	11GiB / 44GiB
2026-10-01T11:01:30Z	46262996	0.00	23280	12.58GiB / 44GiB
2026-10-01T11:01:36Z	46272892	0.00	23280	14.15GiB / 44GiB
2026-10-01T11:01:42Z	46258824	0.00	23280	15.7GiB / 44GiB
2026-10-01T11:01:48Z	46179668	0.00	23280	17.24GiB / 44GiB
2026-10-01T11:01:54Z	46184384	0.36	23280	18.75GiB / 44GiB
2026-10-01T11:02:00Z	46198844	0.19	23280	20.3GiB / 44GiB
2026-10-01T11:02:06Z	46170364	0.10	23280	22.79GiB / 44GiB
2026-10-01T11:02:12Z	26846836	0.80	23316	21.79GiB / 44GiB
2026-10-01T11:02:18Z	26806080	0.43	23316	21.61GiB / 44GiB
2026-10-01T11:02:24Z	26771112	0.24	23316	22.27GiB / 44GiB
2026-10-01T11:02:30Z	26799700	0.13	23316	21.96GiB / 44GiB
2026-10-01T11:02:36Z	26828736	0.07	23316	21.76GiB / 44GiB
2026-10-01T11:02:42Z	26816580	0.03	23316	21.89GiB / 44GiB
2026-10-01T11:02:49Z	26845064	0.02	23316	21.71GiB / 44GiB
2026-10-01T11:02:55Z	25402512	0.01	23760	22.4GiB / 44GiB
2026-10-01T11:03:01Z	25377584	0.00	23778	22.49GiB / 44GiB
2026-10-01T11:03:07Z	25358688	0.00	23778	22.49GiB / 44GiB
2026-10-01T11:03:14Z	25406444	0.00	23778	22.49GiB / 44GiB
2026-10-01T11:03:20Z	25357056	0.00	23778	22.49GiB / 44GiB
2026-10-01T11:03:26Z	25367744	0.00	23778	22.49GiB / 44GiB
2026-10-01T11:03:32Z	25373808	0.18	23778	22.49GiB / 44GiB
2026-10-01T11:03:38Z	25364572	0.09	23778	22.49GiB / 44GiB
2026-10-01T11:03:44Z	25343016	0.05	23778	22.49GiB / 44GiB
2026-10-01T11:03:50Z	25312796	0.17	23778	22.49GiB / 44GiB
2026-10-01T11:03:56Z	25305672	0.09	23778	22.49GiB / 44GiB
2026-10-01T11:04:03Z	25306908	0.05	23778	22.49GiB / 44GiB
2026-10-01T11:04:10Z	25292712	0.46	23778	22.49GiB / 44GiB
2026-10-01T11:04:16Z	25279060	0.25	23778	22.49GiB / 44GiB
2026-10-01T11:04:22Z	25309796	0.14	23778	22.49GiB / 44GiB
2026-10-01T11:04:29Z	25302836	0.07	23778	22.49GiB / 44GiB
2026-10-01T11:04:35Z	25319924	0.04	23778	22.38GiB / 44GiB
2026-10-01T11:04:41Z	25333152	0.02	23778	22.49GiB / 44GiB
2026-10-01T11:04:47Z	25362364	0.01	23778	22.49GiB / 44GiB
2026-10-01T11:04:53Z	25334608	0.00	23778	22.49GiB / 44GiB
2026-10-01T11:04:59Z	25372464	0.00	23778	22.49GiB / 44GiB
2026-10-01T11:05:05Z	25314832	0.00	23778	22.49GiB / 44GiB
2026-10-01T11:05:11Z	25320640	0.00	23778	22.49GiB / 44GiB
2026-10-01T11:05:17Z	25291900	0.00	23778	22.49GiB / 44GiB
2026-10-01T11:05:23Z	25312156	0.00	23778	22.49GiB / 44GiB
2026-10-01T11:05:30Z	25294696	0.00	23778	22.49GiB / 44GiB
2026-10-01T11:05:39Z	25311620	0.00	23778	22.49GiB / 44GiB
2026-10-01T11:05:45Z	25308312	0.00	23778	22.49GiB / 44GiB
2026-10-01T11:05:51Z	25303384	0.51	23778	22.49GiB / 44GiB
2026-10-01T11:05:58Z	25307896	0.42	23778	22.49GiB / 44GiB
2026-10-01T11:06:04Z	25271344	0.23	23778	22.49GiB / 44GiB
2026-10-01T11:06:10Z	25297144	0.12	23778	22.49GiB / 44GiB
2026-10-01T11:06:16Z	25319840	0.07	23778	22.39GiB / 44GiB
2026-10-01T11:06:22Z	25295008	0.03	23778	22.49GiB / 44GiB
2026-10-01T11:06:28Z	25310160	0.02	23778	22.49GiB / 44GiB
2026-10-01T11:06:34Z	25311708	0.01	23778	22.49GiB / 44GiB
2026-10-01T11:06:41Z	25315880	0.00	23778	22.49GiB / 44GiB
2026-10-01T11:06:47Z	25335144	0.00	23778	22.49GiB / 44GiB
2026-10-01T11:06:53Z	25319440	0.00	23778	22.49GiB / 44GiB
2026-10-01T11:06:59Z	25285976	0.00	23778	22.43GiB / 44GiB
2026-10-01T11:07:05Z	25310104	0.00	23778	22.49GiB / 44GiB
2026-10-01T11:07:11Z	45617452	0.00	2852	3.354GiB / 44GiB
2026-10-01T11:07:17Z	45623452	0.00	2852	3.354GiB / 44GiB
2026-10-01T11:07:23Z	45601448	0.00	2852	3.355GiB / 44GiB
2026-10-01T11:07:29Z	45615136	0.00	2852	3.355GiB / 44GiB
2026-10-01T11:07:35Z	45618804	0.00	2852	3.356GiB / 44GiB
2026-10-01T11:07:41Z	45657196	0.00	2852	3.356GiB / 44GiB
2026-10-01T11:07:48Z	45656372	0.00	2852	3.356GiB / 44GiB
2026-10-01T11:07:54Z	45643020	0.00	2852	3.357GiB / 44GiB
2026-10-01T11:08:00Z	45621084	0.00	2852	3.357GiB / 44GiB
2026-10-01T11:08:06Z	45621508	0.00	2852	271.1MiB / 44GiB
2026-10-01T11:08:12Z	48992372	0.00	9	279.9MiB / 44GiB
2026-10-01T11:08:18Z	48897824	0.00	9	380.2MiB / 44GiB
2026-10-01T11:08:24Z	48291636	0.00	1790	1.124GiB / 44GiB
2026-10-01T11:08:30Z	48267792	0.00	2366	1.88GiB / 44GiB
2026-10-01T11:08:36Z	46125448	0.00	4922	4.656GiB / 44GiB
2026-10-01T11:08:42Z	46059464	0.00	23280	5.506GiB / 44GiB
2026-10-01T11:08:48Z	46130244	0.00	23280	6.492GiB / 44GiB
2026-10-01T11:08:54Z	46139780	0.00	23280	7.345GiB / 44GiB
2026-10-01T11:09:00Z	46151504	0.00	23280	8.994GiB / 44GiB
2026-10-01T11:09:06Z	46127732	0.00	23280	10.64GiB / 44GiB
2026-10-01T11:09:12Z	46162888	0.00	23280	12.32GiB / 44GiB
2026-10-01T11:09:18Z	46132324	0.00	23280	13.94GiB / 44GiB
2026-10-01T11:09:24Z	46126172	0.00	23280	15.56GiB / 44GiB
2026-10-01T11:09:30Z	46102132	0.00	23280	17.2GiB / 44GiB
2026-10-01T11:09:36Z	46106532	0.00	23280	18.8GiB / 44GiB
2026-10-01T11:09:42Z	46124180	0.00	23280	20.43GiB / 44GiB
2026-10-01T11:09:48Z	46086752	0.00	23280	21.99GiB / 44GiB
2026-10-01T11:09:55Z	46138604	0.00	23280	23.58GiB / 44GiB
2026-10-01T11:10:01Z	30039668	0.00	23280	19GiB / 44GiB
2026-10-01T11:10:07Z	28715744	2.19	23312	19.38GiB / 44GiB
2026-10-01T11:10:13Z	28709560	1.20	23312	20.08GiB / 44GiB
2026-10-01T11:10:19Z	28692708	0.66	23312	19.92GiB / 44GiB
2026-10-01T11:10:25Z	28680364	0.36	23312	19.88GiB / 44GiB
2026-10-01T11:10:31Z	28677292	0.19	23312	19.79GiB / 44GiB
2026-10-01T11:10:37Z	28709516	0.10	23312	19.79GiB / 44GiB
2026-10-01T11:10:43Z	27256008	0.05	23772	20.13GiB / 44GiB
2026-10-01T11:10:49Z	27238016	0.03	23772	20.13GiB / 44GiB
2026-10-01T11:10:55Z	27206896	0.01	23772	20.13GiB / 44GiB
2026-10-01T11:11:01Z	40022888	0.00	5370	2.157GiB / 44GiB
2026-10-01T11:11:07Z	45628892	0.00	23280	3.429GiB / 44GiB
2026-10-01T11:11:13Z	45758188	0.00	23280	5.095GiB / 44GiB
2026-10-01T11:11:19Z	45766732	0.00	23280	6.763GiB / 44GiB
2026-10-01T11:11:25Z	45733144	0.00	23280	8.356GiB / 44GiB
2026-10-01T11:11:31Z	45742428	0.00	23280	10.03GiB / 44GiB
2026-10-01T11:11:37Z	45761628	0.00	23280	11.62GiB / 44GiB
2026-10-01T11:11:43Z	45693796	0.00	23280	13.16GiB / 44GiB
2026-10-01T11:11:50Z	45708388	0.00	23280	14.72GiB / 44GiB
2026-10-01T11:11:56Z	45738848	0.00	23280	16.2GiB / 44GiB
2026-10-01T11:12:02Z	45725908	0.00	23280	17.7GiB / 44GiB
2026-10-01T11:12:08Z	45726200	0.00	23280	19.23GiB / 44GiB
2026-10-01T11:12:14Z	45792836	0.00	23280	20.74GiB / 44GiB
2026-10-01T11:12:20Z	44113848	0.00	23280	28.45GiB / 44GiB
2026-10-01T11:12:26Z	27147644	1.89	23316	21.76GiB / 44GiB
2026-10-01T11:12:32Z	27081132	1.40	23316	21.65GiB / 44GiB
2026-10-01T11:12:38Z	27075516	0.77	23316	21.6GiB / 44GiB
2026-10-01T11:12:44Z	27102244	0.42	23316	21.39GiB / 44GiB
2026-10-01T11:12:50Z	27093864	0.23	23316	21.77GiB / 44GiB
2026-10-01T11:12:56Z	27133664	0.12	23316	22.05GiB / 44GiB
2026-10-01T11:13:02Z	26439128	0.06	23380	22.26GiB / 44GiB
2026-10-01T11:13:08Z	25627984	0.03	23776	22.26GiB / 44GiB
2026-10-01T11:13:14Z	25628404	0.01	23776	22.26GiB / 44GiB
2026-10-01T11:13:20Z	25609424	0.01	23776	22.26GiB / 44GiB
2026-10-01T11:13:27Z	45644632	0.36	2850	3.246GiB / 44GiB
2026-10-01T11:13:33Z	48984128	2.01	9	252.1MiB / 44GiB
2026-10-01T11:13:40Z	48484388	3.47	322	672.3MiB / 44GiB
2026-10-01T11:13:46Z	48479424	4.61	322	675.6MiB / 44GiB
2026-10-01T11:13:52Z	48437712	4.61	322	715.1MiB / 44GiB
2026-10-01T11:13:58Z	48420484	2.53	1790	758.4MiB / 44GiB
2026-10-01T11:14:04Z	46231772	1.57	4922	2.799GiB / 44GiB
2026-10-01T11:14:10Z	46075680	0.86	23280	3.53GiB / 44GiB
2026-10-01T11:14:16Z	46165352	0.47	23280	4.322GiB / 44GiB
2026-10-01T11:14:22Z	46216392	0.74	23280	5.057GiB / 44GiB
2026-10-01T11:14:28Z	46228552	0.40	23280	5.37GiB / 44GiB
2026-10-01T11:14:34Z	46238520	0.22	23280	6.184GiB / 44GiB
2026-10-01T11:14:40Z	46288180	0.12	23280	7.106GiB / 44GiB
2026-10-01T11:14:46Z	46305532	0.06	23280	8.059GiB / 44GiB
2026-10-01T11:14:52Z	46287724	0.03	23280	8.758GiB / 44GiB
2026-10-01T11:14:58Z	46267616	0.01	23280	9.439GiB / 44GiB
2026-10-01T11:15:04Z	46183252	0.00	23280	9.447GiB / 44GiB
2026-10-01T11:15:10Z	46250308	0.00	23280	9.545GiB / 44GiB
2026-10-01T11:15:16Z	46292080	0.00	23280	10.22GiB / 44GiB
2026-10-01T11:15:23Z	46248120	0.00	23280	11.05GiB / 44GiB
2026-10-01T11:15:29Z	46235520	0.00	23280	11.98GiB / 44GiB
2026-10-01T11:15:35Z	46227600	0.00	23280	12.73GiB / 44GiB
2026-10-01T11:15:41Z	46269512	0.24	23280	13.34GiB / 44GiB
2026-10-01T11:15:47Z	46259060	0.65	23280	13.47GiB / 44GiB
2026-10-01T11:15:53Z	46258664	0.50	23280	14.35GiB / 44GiB
2026-10-01T11:15:59Z	46230260	0.27	23280	15.04GiB / 44GiB
2026-10-01T11:16:05Z	46216380	0.15	23280	15.74GiB / 44GiB
2026-10-01T11:16:12Z	46220712	0.52	23280	16.3GiB / 44GiB
2026-10-01T11:16:18Z	46219804	0.28	23280	16.84GiB / 44GiB
2026-10-01T11:16:24Z	46146076	0.15	23280	16.9GiB / 44GiB
2026-10-01T11:16:30Z	46172312	0.08	23280	17.55GiB / 44GiB
2026-10-01T11:16:36Z	46134652	0.04	23280	18.42GiB / 44GiB
2026-10-01T11:16:42Z	46152036	0.02	23280	18.88GiB / 44GiB
2026-10-01T11:16:48Z	46195128	0.01	23280	19.61GiB / 44GiB
2026-10-01T11:16:54Z	46171120	0.00	23280	20.32GiB / 44GiB
2026-10-01T11:17:00Z	46163092	0.00	23280	20.34GiB / 44GiB
2026-10-01T11:17:06Z	46164056	0.00	23280	20.95GiB / 44GiB
2026-10-01T11:17:12Z	46157020	0.00	23280	21.9GiB / 44GiB
2026-10-01T11:17:18Z	27045268	0.54	23316	40.59GiB / 44GiB
2026-10-01T11:17:24Z	26971692	1.02	23316	36.84GiB / 44GiB
2026-10-01T11:17:30Z	26965548	0.56	23316	34.93GiB / 44GiB
2026-10-01T11:17:36Z	26988224	0.30	23316	31.5GiB / 44GiB
2026-10-01T11:17:42Z	26981860	0.16	23316	28.28GiB / 44GiB
2026-10-01T11:17:48Z	27027228	0.09	23316	25.1GiB / 44GiB
2026-10-01T11:17:54Z	26261684	0.05	23402	22.48GiB / 44GiB
2026-10-01T11:18:01Z	25515732	0.02	23776	22.48GiB / 44GiB
2026-10-01T11:18:07Z	25480900	0.01	23776	22.48GiB / 44GiB
2026-10-01T11:18:13Z	25506944	0.00	23776	22.48GiB / 44GiB
