2026-10-01T11:20:59Z	guard=active	trip=false	46, 104.30, 370.00, 9, 0, 1350
2026-10-01T11:21:04Z	guard=active	trip=false	47, 100.16, 370.00, 2632, 3, 1350
2026-10-01T11:21:09Z	guard=active	trip=false	47, 100.40, 370.00, 23280, 2, 1350
2026-10-01T11:21:14Z	guard=active	trip=false	47, 100.47, 370.00, 23280, 2, 1350
2026-10-01T11:21:19Z	guard=active	trip=false	48, 100.39, 370.00, 23280, 2, 1350
2026-10-01T11:21:24Z	guard=active	trip=false	48, 100.47, 370.00, 23280, 2, 1350
2026-10-01T11:21:29Z	guard=active	trip=false	48, 100.50, 370.00, 23280, 2, 1350
2026-10-01T11:21:34Z	guard=active	trip=false	49, 100.89, 370.00, 23280, 2, 1350
2026-10-01T11:21:39Z	guard=active	trip=false	49, 100.50, 370.00, 23280, 2, 1350
2026-10-01T11:21:44Z	guard=active	trip=false	49, 100.78, 370.00, 23280, 2, 1350
2026-10-01T11:21:50Z	guard=active	trip=false	49, 100.81, 370.00, 23280, 2, 1350
2026-10-01T11:21:55Z	guard=active	trip=false	49, 100.85, 370.00, 23280, 2, 1350
2026-10-01T11:22:00Z	guard=active	trip=false	50, 100.93, 370.00, 23280, 2, 1350
2026-10-01T11:22:05Z	guard=active	trip=false	50, 100.95, 370.00, 23280, 1, 1350
2026-10-01T11:22:10Z	guard=active	trip=false	50, 101.04, 370.00, 23280, 2, 1350
2026-10-01T11:22:15Z	guard=active	trip=false	50, 101.08, 370.00, 23280, 2, 1350
2026-10-01T11:22:20Z	guard=active	trip=false	50, 101.28, 370.00, 23280, 2, 1350
2026-10-01T11:22:25Z	guard=active	trip=false	50, 101.40, 370.00, 23280, 2, 1350
2026-10-01T11:22:30Z	guard=active	trip=false	50, 100.99, 370.00, 23280, 0, 1350
2026-10-01T11:22:35Z	guard=active	trip=false	51, 101.01, 370.00, 23320, 0, 1350
2026-10-01T11:22:40Z	guard=active	trip=false	51, 101.21, 370.00, 23320, 0, 1350
2026-10-01T11:22:45Z	guard=active	trip=false	48, 84.78, 370.00, 23320, 0, 225
2026-10-01T11:22:50Z	guard=active	trip=false	46, 35.23, 370.00, 23320, 0, 210
2026-10-01T11:22:55Z	guard=active	trip=false	46, 35.07, 370.00, 23320, 0, 210
2026-10-01T11:23:00Z	guard=active	trip=false	45, 34.80, 370.00, 23320, 0, 210
2026-10-01T11:23:05Z	guard=active	trip=false	45, 34.50, 370.00, 23320, 0, 210
2026-10-01T11:23:10Z	guard=active	trip=false	48, 100.16, 370.00, 23702, 0, 1350
2026-10-01T11:23:15Z	guard=active	trip=false	56, 216.85, 370.00, 23806, 100, 1350
2026-10-01T11:23:20Z	guard=active	trip=false	54, 163.79, 370.00, 23806, 96, 1350
2026-10-01T11:23:25Z	guard=active	trip=false	55, 174.89, 370.00, 23824, 87, 1350
2026-10-01T11:23:30Z	guard=active	trip=false	56, 178.04, 370.00, 23824, 96, 1350
2026-10-01T11:23:35Z	guard=active	trip=false	56, 177.84, 370.00, 23824, 96, 1350
2026-10-01T11:23:40Z	guard=active	trip=false	59, 219.25, 370.00, 23824, 100, 1350
2026-10-01T11:23:45Z	guard=active	trip=false	57, 158.30, 370.00, 23824, 66, 1350
2026-10-01T11:23:51Z	guard=active	trip=false	55, 115.05, 370.00, 23824, 0, 1350
2026-10-01T11:23:56Z	guard=active	trip=false	55, 116.46, 370.00, 23824, 34, 1350
2026-10-01T11:24:01Z	guard=active	trip=false	55, 113.00, 370.00, 23824, 0, 1350
2026-10-01T11:24:06Z	guard=active	trip=false	55, 118.21, 370.00, 23824, 6, 1350
2026-10-01T11:24:11Z	guard=active	trip=false	55, 127.55, 370.00, 23824, 0, 1350
2026-10-01T11:24:16Z	guard=active	trip=false	55, 111.60, 370.00, 23824, 15, 1350
2026-10-01T11:24:21Z	guard=active	trip=false	61, 217.40, 370.00, 23824, 100, 1350
2026-10-01T11:24:26Z	guard=active	trip=false	61, 199.99, 370.00, 23824, 100, 1350
2026-10-01T11:24:31Z	guard=active	trip=false	61, 203.87, 370.00, 23824, 100, 1350
2026-10-01T11:24:36Z	guard=active	trip=false	57, 108.76, 370.00, 23824, 0, 1350
2026-10-01T11:24:41Z	guard=active	trip=false	60, 174.29, 370.00, 23824, 96, 1350
2026-10-01T11:24:46Z	guard=active	trip=false	63, 218.57, 370.00, 23824, 100, 1350
2026-10-01T11:24:51Z	guard=active	trip=false	62, 198.55, 370.00, 23824, 100, 1350
2026-10-01T11:24:56Z	guard=active	trip=false	60, 140.70, 370.00, 23824, 49, 1350
2026-10-01T11:25:01Z	guard=active	trip=false	58, 112.63, 370.00, 23824, 0, 1350
2026-10-01T11:25:06Z	guard=active	trip=false	58, 114.95, 370.00, 23824, 0, 1350
2026-10-01T11:25:12Z	guard=active	trip=false	58, 126.19, 370.00, 23824, 25, 1350
2026-10-01T11:25:17Z	guard=active	trip=false	58, 122.66, 370.00, 23824, 41, 1350
2026-10-01T11:25:22Z	guard=active	trip=false	60, 167.01, 370.00, 23824, 100, 1350
2026-10-01T11:25:27Z	guard=active	trip=false	61, 172.62, 370.00, 23824, 76, 1350
2026-10-01T11:25:32Z	guard=active	trip=false	63, 189.45, 370.00, 23824, 100, 1350
2026-10-01T11:25:37Z	guard=active	trip=false	64, 201.21, 370.00, 23824, 100, 1350
