2026-10-01T02:28:20Z	49924232	0.00	9	305MiB / 44GiB
2026-10-01T02:28:26Z	49121520	0.00	1814	1.467GiB / 44GiB
2026-10-01T02:28:32Z	47267648	0.00	4922	4.667GiB / 44GiB
2026-10-01T02:28:38Z	47193484	0.00	23280	6.482GiB / 44GiB
2026-10-01T02:28:44Z	47175252	0.00	23280	8.281GiB / 44GiB
2026-10-01T02:28:50Z	47107316	0.00	23280	10.07GiB / 44GiB
2026-10-01T02:28:56Z	47033532	0.14	23280	11.84GiB / 44GiB
2026-10-01T02:29:02Z	47127244	0.08	23280	13.62GiB / 44GiB
2026-10-01T02:29:08Z	47150596	0.04	23280	15.4GiB / 44GiB
2026-10-01T02:29:14Z	47186776	0.02	23280	17.17GiB / 44GiB
2026-10-01T02:29:20Z	47171796	0.01	23280	18.94GiB / 44GiB
2026-10-01T02:29:26Z	47061236	0.00	23280	20.67GiB / 44GiB
2026-10-01T02:29:32Z	47030792	0.00	23280	22.43GiB / 44GiB
2026-10-01T02:29:38Z	47089580	0.00	23280	25.85GiB / 44GiB
2026-10-01T02:29:44Z	30111964	2.61	23312	19.54GiB / 44GiB
2026-10-01T02:29:50Z	30144488	1.43	23312	19.48GiB / 44GiB
2026-10-01T02:29:57Z	30080148	0.78	23312	20.03GiB / 44GiB
2026-10-01T02:30:03Z	30077584	0.43	23312	19.44GiB / 44GiB
2026-10-01T02:30:09Z	30087388	0.23	23312	19.68GiB / 44GiB
2026-10-01T02:30:15Z	30143620	1.01	23312	19.65GiB / 44GiB
2026-10-01T02:30:21Z	28833808	0.55	23694	20.26GiB / 44GiB
2026-10-01T02:30:27Z	28495652	0.30	23828	20.5GiB / 44GiB
2026-10-01T02:30:33Z	28602700	0.16	23828	22.83GiB / 44GiB
2026-10-01T02:30:39Z	28579276	0.09	23830	24.51GiB / 44GiB
2026-10-01T02:30:45Z	28460544	0.04	23830	24.62GiB / 44GiB
2026-10-01T02:30:51Z	28349748	0.02	23830	24.73GiB / 44GiB
2026-10-01T02:30:57Z	28280928	0.01	23830	24.73GiB / 44GiB
2026-10-01T02:31:03Z	28180568	0.00	23830	24.84GiB / 44GiB
2026-10-01T02:31:09Z	28019208	0.00	23830	24.95GiB / 44GiB
2026-10-01T02:31:15Z	28102904	0.00	23830	24.95GiB / 44GiB
2026-10-01T02:31:21Z	27914036	0.00	23830	25.06GiB / 44GiB
2026-10-01T02:31:27Z	27939132	0.00	23830	25.06GiB / 44GiB
2026-10-01T02:31:33Z	27828672	0.00	23830	25.17GiB / 44GiB
2026-10-01T02:31:39Z	27883312	0.00	23830	25.17GiB / 44GiB
2026-10-01T02:31:45Z	27824836	0.00	23850	24.63GiB / 44GiB
2026-10-01T02:31:51Z	28360256	0.00	23850	24.63GiB / 44GiB
2026-10-01T02:31:57Z	28468984	0.00	23850	24.63GiB / 44GiB
2026-10-01T02:32:04Z	28447996	0.00	23850	24.63GiB / 44GiB
2026-10-01T02:32:10Z	28454872	0.00	23850	24.63GiB / 44GiB
2026-10-01T02:32:16Z	28487436	0.00	23850	24.63GiB / 44GiB
2026-10-01T02:32:22Z	28512300	0.00	23850	24.63GiB / 44GiB
2026-10-01T02:32:28Z	28520520	0.00	23850	24.63GiB / 44GiB
2026-10-01T02:32:34Z	28507852	0.00	23850	24.63GiB / 44GiB
2026-10-01T02:32:40Z	28546128	0.00	23850	24.63GiB / 44GiB
2026-10-01T02:32:46Z	28484508	0.00	23850	24.63GiB / 44GiB
2026-10-01T02:32:52Z	28481244	0.00	23850	24.63GiB / 44GiB
2026-10-01T02:32:58Z	28515516	0.00	23850	24.63GiB / 44GiB
2026-10-01T02:33:04Z	28488656	0.00	23850	24.63GiB / 44GiB
2026-10-01T02:33:10Z	28487856	0.00	23850	24.63GiB / 44GiB
2026-10-01T02:33:16Z	28528000	0.00	23850	24.63GiB / 44GiB
2026-10-01T02:33:22Z	28492560	0.00	23850	24.63GiB / 44GiB
2026-10-01T02:33:28Z	28522820	0.00	23850	24.63GiB / 44GiB
2026-10-01T02:33:34Z	28527012	0.00	23850	24.69GiB / 44GiB
2026-10-01T02:33:40Z	28594736	0.00	23850	26.55GiB / 44GiB
2026-10-01T02:33:46Z	28577372	0.00	23850	27.36GiB / 44GiB
2026-10-01T02:33:52Z	28464356	0.00	23850	27.36GiB / 44GiB
2026-10-01T02:33:59Z	28332492	0.00	23850	27.47GiB / 44GiB
2026-10-01T02:34:05Z	28343632	0.36	23850	27.58GiB / 44GiB
2026-10-01T02:34:11Z	28215468	0.19	23850	27.57GiB / 44GiB
2026-10-01T02:34:17Z	28137344	0.10	23850	27.68GiB / 44GiB
2026-10-01T02:34:23Z	28086792	0.05	23850	27.8GiB / 44GiB
2026-10-01T02:34:29Z	27951072	0.03	23850	27.79GiB / 44GiB
2026-10-01T02:34:35Z	27878128	0.01	23850	27.9GiB / 44GiB
2026-10-01T02:34:41Z	27897968	0.00	23850	27.9GiB / 44GiB
2026-10-01T02:34:47Z	27762076	0.00	23850	27.9GiB / 44GiB
2026-10-01T02:34:53Z	28498456	0.00	23850	27.46GiB / 44GiB
2026-10-01T02:34:59Z	28453824	0.00	23850	27.57GiB / 44GiB
2026-10-01T02:35:05Z	28477304	0.00	23850	27.57GiB / 44GiB
2026-10-01T02:35:11Z	28485676	0.00	23850	27.57GiB / 44GiB
2026-10-01T02:35:17Z	28490428	0.00	23850	27.57GiB / 44GiB
2026-10-01T02:35:23Z	28459092	0.00	23850	27.57GiB / 44GiB
2026-10-01T02:35:29Z	28473524	0.00	23850	27.57GiB / 44GiB
2026-10-01T02:35:35Z	28454320	0.00	23850	27.57GiB / 44GiB
2026-10-01T02:35:41Z	28459072	0.00	23850	27.57GiB / 44GiB
2026-10-01T02:35:47Z	28449584	0.00	23850	27.57GiB / 44GiB
2026-10-01T02:35:53Z	28476020	0.00	23850	27.57GiB / 44GiB
2026-10-01T02:36:00Z	28407900	0.00	23850	27.57GiB / 44GiB
2026-10-01T02:36:06Z	28461952	0.00	23850	27.57GiB / 44GiB
2026-10-01T02:36:12Z	28510284	0.00	23850	27.57GiB / 44GiB
2026-10-01T02:36:18Z	28453560	0.00	23850	27.57GiB / 44GiB
2026-10-01T02:36:24Z	28418584	0.00	23850	27.57GiB / 44GiB
2026-10-01T02:36:30Z	28444332	0.00	23850	27.57GiB / 44GiB
2026-10-01T02:36:36Z	28449412	0.00	23850	27.57GiB / 44GiB
2026-10-01T02:36:42Z	28462064	0.00	23850	27.57GiB / 44GiB
2026-10-01T02:36:48Z	28428280	0.00	23850	27.57GiB / 44GiB
2026-10-01T02:36:54Z	28431564	0.00	23850	27.57GiB / 44GiB
2026-10-01T02:37:00Z	28471712	0.00	23850	27.57GiB / 44GiB
2026-10-01T02:37:06Z	28441576	0.00	23850	27.57GiB / 44GiB
2026-10-01T02:37:12Z	28465492	0.00	23850	27.57GiB / 44GiB
2026-10-01T02:37:18Z	28493272	0.00	23850	27.57GiB / 44GiB
2026-10-01T02:37:24Z	28408888	0.00	23850	27.57GiB / 44GiB
2026-10-01T02:37:30Z	28428268	0.00	23850	27.57GiB / 44GiB
2026-10-01T02:37:36Z	28407376	0.00	23850	27.57GiB / 44GiB
2026-10-01T02:37:42Z	29054496	0.00	23850	27.57GiB / 44GiB
2026-10-01T02:37:48Z	28898740	0.00	23850	27.57GiB / 44GiB
2026-10-01T02:37:55Z	28407808	0.00	23850	27.57GiB / 44GiB
2026-10-01T02:38:01Z	28432096	0.00	23850	27.57GiB / 44GiB
2026-10-01T02:38:07Z	28437744	0.00	23850	27.57GiB / 44GiB
2026-10-01T02:38:13Z	28440276	0.00	23850	27.57GiB / 44GiB
2026-10-01T02:38:19Z	28480300	0.00	23850	27.57GiB / 44GiB
2026-10-01T02:38:25Z	28455516	0.00	23850	27.57GiB / 44GiB
2026-10-01T02:38:31Z	28454788	0.00	23850	27.57GiB / 44GiB
2026-10-01T02:38:37Z	28444832	0.00	23850	27.57GiB / 44GiB
2026-10-01T02:38:43Z	28472660	0.00	23850	27.57GiB / 44GiB
2026-10-01T02:38:49Z	28409556	0.00	23850	27.57GiB / 44GiB
2026-10-01T02:38:55Z	28418272	0.00	23850	27.57GiB / 44GiB
2026-10-01T02:39:01Z	28452392	0.00	23850	27.57GiB / 44GiB
2026-10-01T02:39:07Z	28395836	0.00	23850	27.57GiB / 44GiB
2026-10-01T02:39:13Z	28427996	0.00	23850	27.57GiB / 44GiB
2026-10-01T02:39:19Z	28423716	0.00	23850	27.57GiB / 44GiB
2026-10-01T02:39:25Z	28405292	0.00	23850	27.57GiB / 44GiB
2026-10-01T02:39:31Z	28417960	1.09	23850	27.57GiB / 44GiB
2026-10-01T02:39:37Z	28421268	0.59	23850	27.57GiB / 44GiB
2026-10-01T02:39:43Z	28417232	0.26	23850	27.57GiB / 44GiB
2026-10-01T02:39:50Z	28336576	0.14	23850	27.57GiB / 44GiB
2026-10-01T02:39:56Z	28368352	0.08	23850	27.57GiB / 44GiB
2026-10-01T02:40:02Z	28382352	0.04	23850	27.57GiB / 44GiB
2026-10-01T02:40:08Z	28359544	0.02	23850	27.57GiB / 44GiB
2026-10-01T02:40:14Z	28392416	0.01	23850	27.57GiB / 44GiB
2026-10-01T02:40:20Z	28361916	0.00	23850	27.57GiB / 44GiB
2026-10-01T02:40:26Z	28348696	0.00	23850	27.57GiB / 44GiB
2026-10-01T02:40:32Z	28388908	0.00	23850	27.57GiB / 44GiB
2026-10-01T02:40:38Z	28396380	0.00	23850	27.57GiB / 44GiB
2026-10-01T02:40:44Z	28375964	0.00	23850	27.57GiB / 44GiB
2026-10-01T02:40:50Z	28399772	0.00	23850	27.57GiB / 44GiB
2026-10-01T02:40:56Z	28359844	0.00	23850	27.57GiB / 44GiB
2026-10-01T02:41:02Z	28429660	0.00	23850	27.7GiB / 44GiB
2026-10-01T02:41:08Z	28439940	0.00	23850	27.72GiB / 44GiB
2026-10-01T02:41:14Z	28393360	0.00	23850	27.72GiB / 44GiB
2026-10-01T02:41:20Z	28394168	0.00	23850	27.72GiB / 44GiB
2026-10-01T02:41:26Z	28384312	0.00	23850	27.72GiB / 44GiB
2026-10-01T02:41:32Z	28445492	0.00	23850	27.72GiB / 44GiB
2026-10-01T02:41:38Z	28410772	0.00	23850	27.72GiB / 44GiB
2026-10-01T02:41:45Z	28433340	0.00	23850	27.72GiB / 44GiB
2026-10-01T02:41:51Z	28464760	0.00	23850	27.72GiB / 44GiB
2026-10-01T02:41:57Z	28434384	0.00	23850	27.72GiB / 44GiB
2026-10-01T02:42:03Z	28479612	0.00	23850	27.72GiB / 44GiB
2026-10-01T02:42:09Z	28434412	0.00	23850	27.72GiB / 44GiB
2026-10-01T02:42:15Z	28476672	0.00	23850	27.72GiB / 44GiB
2026-10-01T02:42:21Z	28457400	0.00	23850	27.72GiB / 44GiB
2026-10-01T02:42:27Z	28406872	0.00	23850	27.72GiB / 44GiB
2026-10-01T02:42:33Z	28454264	0.00	23850	27.72GiB / 44GiB
2026-10-01T02:42:39Z	28494540	0.00	23850	27.72GiB / 44GiB
2026-10-01T02:42:45Z	28447100	0.00	23850	27.72GiB / 44GiB
2026-10-01T02:42:51Z	28475172	0.00	23850	27.72GiB / 44GiB
2026-10-01T02:42:57Z	28429528	0.00	23850	27.72GiB / 44GiB
2026-10-01T02:43:03Z	28454088	0.00	23850	27.72GiB / 44GiB
2026-10-01T02:43:09Z	28508212	0.00	23850	27.72GiB / 44GiB
2026-10-01T02:43:15Z	28465652	0.00	23850	27.72GiB / 44GiB
2026-10-01T02:43:21Z	28494848	0.00	23850	27.72GiB / 44GiB
2026-10-01T02:43:27Z	28441692	0.00	23850	27.72GiB / 44GiB
2026-10-01T02:43:33Z	28428984	0.00	23850	27.72GiB / 44GiB
2026-10-01T02:43:40Z	28423368	0.00	23850	27.72GiB / 44GiB
2026-10-01T02:43:46Z	28507976	0.00	23850	27.72GiB / 44GiB
2026-10-01T02:43:52Z	28459768	0.00	23850	27.72GiB / 44GiB
2026-10-01T02:43:58Z	28477736	0.00	23850	27.72GiB / 44GiB
2026-10-01T02:44:04Z	28484788	0.00	23850	27.72GiB / 44GiB
2026-10-01T02:44:10Z	28480104	0.00	23850	27.72GiB / 44GiB
2026-10-01T02:44:16Z	28534172	0.00	23850	27.72GiB / 44GiB
2026-10-01T02:44:22Z	28504932	0.00	23850	27.72GiB / 44GiB
2026-10-01T02:44:28Z	28465256	0.00	23850	27.72GiB / 44GiB
2026-10-01T02:44:34Z	28470932	0.00	23850	27.72GiB / 44GiB
2026-10-01T02:44:40Z	28465452	0.00	23850	27.75GiB / 44GiB
2026-10-01T02:44:46Z	28469004	0.00	23850	28.32GiB / 44GiB
2026-10-01T02:44:52Z	28469176	0.00	23850	28.32GiB / 44GiB
2026-10-01T02:44:58Z	28455856	0.00	23850	28.27GiB / 44GiB
2026-10-01T02:45:04Z	28408084	0.00	23850	28.39GiB / 44GiB
2026-10-01T02:45:10Z	28450940	0.00	23850	28.39GiB / 44GiB
2026-10-01T02:45:16Z	28459412	0.00	23850	28.38GiB / 44GiB
2026-10-01T02:45:22Z	28435012	0.00	23850	28.38GiB / 44GiB
2026-10-01T02:45:28Z	28483712	0.00	23850	28.38GiB / 44GiB
2026-10-01T02:45:35Z	28528432	0.00	23850	28.45GiB / 44GiB
2026-10-01T02:45:41Z	28552664	0.00	23850	30.32GiB / 44GiB
2026-10-01T02:45:47Z	28469464	0.00	23850	30.69GiB / 44GiB
2026-10-01T02:45:53Z	28478636	0.00	23850	30.69GiB / 44GiB
2026-10-01T02:45:59Z	28470516	0.00	23850	30.75GiB / 44GiB
2026-10-01T02:46:05Z	28500080	0.00	23850	30.87GiB / 44GiB
2026-10-01T02:46:11Z	28456772	0.00	23850	31.22GiB / 44GiB
2026-10-01T02:46:17Z	28541308	0.00	23850	31.86GiB / 44GiB
2026-10-01T02:46:23Z	28402832	0.00	23850	31.97GiB / 44GiB
2026-10-01T02:46:29Z	28300892	0.00	23850	32.08GiB / 44GiB
2026-10-01T02:46:35Z	28367932	0.00	23850	31.97GiB / 44GiB
2026-10-01T02:46:41Z	28415480	0.00	23850	31.97GiB / 44GiB
2026-10-01T02:46:47Z	28445448	0.00	23850	31.97GiB / 44GiB
2026-10-01T02:46:53Z	28434812	0.00	23850	31.97GiB / 44GiB
2026-10-01T02:46:59Z	28445092	0.00	23850	31.97GiB / 44GiB
2026-10-01T02:47:05Z	28449660	0.00	23850	31.97GiB / 44GiB
2026-10-01T02:47:11Z	28458772	0.00	23850	31.97GiB / 44GiB
2026-10-01T02:47:17Z	28464812	0.00	23850	31.97GiB / 44GiB
2026-10-01T02:47:23Z	28420684	0.00	23850	31.97GiB / 44GiB
2026-10-01T02:47:29Z	28472876	0.00	23850	31.97GiB / 44GiB
2026-10-01T02:47:36Z	28483996	0.00	23850	31.97GiB / 44GiB
2026-10-01T02:47:42Z	29220856	0.00	23850	31.97GiB / 44GiB
2026-10-01T02:47:48Z	29164444	0.00	23850	31.97GiB / 44GiB
2026-10-01T02:47:54Z	28511572	0.00	23850	31.97GiB / 44GiB
2026-10-01T02:48:00Z	28484244	0.00	23850	31.97GiB / 44GiB
2026-10-01T02:48:06Z	28411156	0.00	23850	31.97GiB / 44GiB
2026-10-01T02:48:12Z	28458252	0.00	23850	31.97GiB / 44GiB
2026-10-01T02:48:18Z	28418620	0.00	23850	31.97GiB / 44GiB
2026-10-01T02:48:24Z	28433624	0.00	23850	31.97GiB / 44GiB
2026-10-01T02:48:30Z	28440572	0.00	23850	31.97GiB / 44GiB
2026-10-01T02:48:36Z	28449584	0.00	23850	31.97GiB / 44GiB
2026-10-01T02:48:42Z	28459044	0.00	23850	31.92GiB / 44GiB
2026-10-01T02:48:48Z	28444404	0.00	23850	31.93GiB / 44GiB
2026-10-01T02:48:54Z	28460208	0.00	23850	32.04GiB / 44GiB
2026-10-01T02:49:00Z	28467136	0.00	23850	32.04GiB / 44GiB
2026-10-01T02:49:06Z	28407656	0.00	23850	31.95GiB / 44GiB
2026-10-01T02:49:12Z	28478244	0.00	23850	31.96GiB / 44GiB
2026-10-01T02:49:18Z	28541944	0.00	23850	33.02GiB / 44GiB
2026-10-01T02:49:24Z	28529620	0.00	23850	33.31GiB / 44GiB
2026-10-01T02:49:31Z	28423740	0.00	23850	33.31GiB / 44GiB
2026-10-01T02:49:37Z	28388444	0.00	23850	33.31GiB / 44GiB
2026-10-01T02:49:43Z	28423232	0.00	23850	33.31GiB / 44GiB
2026-10-01T02:49:49Z	28465960	0.00	23850	33.31GiB / 44GiB
2026-10-01T02:49:55Z	28401964	0.00	23850	33.31GiB / 44GiB
2026-10-01T02:50:01Z	28457988	0.00	23850	33.31GiB / 44GiB
2026-10-01T02:50:07Z	28485984	0.00	23850	33.31GiB / 44GiB
2026-10-01T02:50:13Z	28542880	0.00	23850	33.31GiB / 44GiB
2026-10-01T02:50:19Z	28524612	0.00	23850	33.31GiB / 44GiB
2026-10-01T02:50:25Z	28472452	0.00	23850	33.31GiB / 44GiB
2026-10-01T02:50:31Z	28497576	0.00	23850	33.31GiB / 44GiB
2026-10-01T02:50:37Z	28529960	0.00	23850	33.31GiB / 44GiB
2026-10-01T02:50:43Z	28546800	0.00	23850	33.31GiB / 44GiB
2026-10-01T02:50:49Z	28503716	0.00	23850	33.31GiB / 44GiB
2026-10-01T02:50:55Z	28512980	0.00	23850	33.31GiB / 44GiB
2026-10-01T02:51:01Z	28473604	0.00	23850	33.31GiB / 44GiB
2026-10-01T02:51:07Z	28504952	0.00	23850	33.32GiB / 44GiB
2026-10-01T02:51:13Z	28545484	0.00	23850	33.31GiB / 44GiB
2026-10-01T02:51:19Z	28495568	0.00	23850	33.31GiB / 44GiB
2026-10-01T02:51:26Z	28466908	0.00	23850	33.31GiB / 44GiB
2026-10-01T02:51:32Z	28480416	0.00	23850	33.31GiB / 44GiB
2026-10-01T02:51:38Z	28491656	0.00	23850	33.31GiB / 44GiB
2026-10-01T02:51:44Z	28487792	0.00	23850	33.31GiB / 44GiB
2026-10-01T02:51:50Z	28500960	0.00	23850	33.31GiB / 44GiB
2026-10-01T02:51:56Z	28515268	0.00	23850	33.31GiB / 44GiB
2026-10-01T02:52:02Z	28504544	0.00	23850	33.31GiB / 44GiB
2026-10-01T02:52:08Z	28489180	0.00	23850	33.31GiB / 44GiB
2026-10-01T02:52:14Z	28547200	0.00	23850	33.31GiB / 44GiB
2026-10-01T02:52:20Z	28564160	0.00	23850	33.34GiB / 44GiB
2026-10-01T02:52:26Z	28517700	0.00	23850	33.34GiB / 44GiB
2026-10-01T02:52:32Z	28494704	0.00	23850	33.34GiB / 44GiB
2026-10-01T02:52:38Z	28494092	0.00	23850	33.34GiB / 44GiB
2026-10-01T02:52:44Z	28507060	0.00	23850	33.34GiB / 44GiB
2026-10-01T02:52:50Z	28495964	0.00	23850	33.34GiB / 44GiB
2026-10-01T02:52:56Z	28510760	0.00	23850	33.34GiB / 44GiB
2026-10-01T02:53:02Z	28496888	0.00	23850	33.34GiB / 44GiB
2026-10-01T02:53:08Z	28480272	0.00	23850	33.34GiB / 44GiB
2026-10-01T02:53:14Z	28509256	0.00	23850	33.34GiB / 44GiB
2026-10-01T02:53:21Z	28483844	0.00	23850	33.34GiB / 44GiB
2026-10-01T02:53:27Z	28491300	0.00	23850	33.34GiB / 44GiB
2026-10-01T02:53:33Z	28513780	0.00	23850	33.34GiB / 44GiB
2026-10-01T02:53:39Z	28483116	0.00	23850	33.34GiB / 44GiB
2026-10-01T02:53:45Z	28473916	0.00	23850	33.34GiB / 44GiB
2026-10-01T02:53:51Z	28515288	0.00	23850	33.34GiB / 44GiB
2026-10-01T02:53:57Z	28528492	0.00	23850	33.34GiB / 44GiB
2026-10-01T02:54:03Z	28506184	0.00	23850	33.34GiB / 44GiB
2026-10-01T02:54:09Z	28480048	0.00	23850	33.34GiB / 44GiB
2026-10-01T02:54:15Z	28507184	0.00	23850	33.34GiB / 44GiB
2026-10-01T02:54:21Z	28495332	0.00	23850	33.34GiB / 44GiB
2026-10-01T02:54:27Z	28505660	0.00	23850	33.34GiB / 44GiB
2026-10-01T02:54:33Z	28466640	0.00	23850	33.34GiB / 44GiB
2026-10-01T02:54:39Z	28443204	0.00	23850	33.34GiB / 44GiB
2026-10-01T02:54:45Z	28443608	0.00	23850	33.34GiB / 44GiB
2026-10-01T02:54:51Z	28447524	0.00	23850	33.34GiB / 44GiB
2026-10-01T02:54:57Z	28435668	0.00	23850	33.34GiB / 44GiB
2026-10-01T02:55:03Z	28397048	0.00	23850	33.34GiB / 44GiB
2026-10-01T02:55:09Z	28380512	0.00	23850	33.34GiB / 44GiB
2026-10-01T02:55:15Z	28390768	0.00	23850	33.34GiB / 44GiB
2026-10-01T02:55:22Z	28334436	0.00	23850	33.34GiB / 44GiB
2026-10-01T02:55:28Z	28385596	0.00	23850	33.34GiB / 44GiB
2026-10-01T02:55:34Z	28407444	0.00	23850	33.34GiB / 44GiB
2026-10-01T02:55:40Z	28459828	0.00	23850	33.34GiB / 44GiB
2026-10-01T02:55:46Z	27915672	0.00	23850	33.34GiB / 44GiB
2026-10-01T02:55:52Z	27921636	0.00	23850	33.34GiB / 44GiB
2026-10-01T02:55:58Z	27592472	0.00	23850	33.34GiB / 44GiB
2026-10-01T02:56:04Z	27370920	0.00	23850	33.34GiB / 44GiB
2026-10-01T02:56:10Z	27414224	0.00	23850	33.34GiB / 44GiB
2026-10-01T02:56:16Z	28337832	0.00	23850	33.34GiB / 44GiB
2026-10-01T02:56:22Z	28325564	0.00	23850	33.34GiB / 44GiB
2026-10-01T02:56:28Z	28240948	0.00	23850	33.34GiB / 44GiB
2026-10-01T02:56:34Z	28347564	0.00	23850	33.34GiB / 44GiB
2026-10-01T02:56:40Z	28331112	0.00	23850	33.34GiB / 44GiB
2026-10-01T02:56:46Z	28375668	0.00	23850	33.34GiB / 44GiB
2026-10-01T02:56:52Z	27696972	0.00	23850	33.34GiB / 44GiB
2026-10-01T02:56:58Z	27660580	0.00	23850	33.34GiB / 44GiB
2026-10-01T02:57:05Z	27608408	0.00	23850	33.34GiB / 44GiB
2026-10-01T02:57:11Z	27445940	0.00	23850	33.34GiB / 44GiB
2026-10-01T02:57:17Z	27212192	0.00	23850	33.34GiB / 44GiB
2026-10-01T02:57:23Z	28268832	0.00	23850	33.34GiB / 44GiB
2026-10-01T02:57:29Z	28370040	0.00	23850	33.42GiB / 44GiB
2026-10-01T02:57:35Z	28378196	0.00	23850	33.42GiB / 44GiB
2026-10-01T02:57:41Z	29053072	0.00	23850	33.46GiB / 44GiB
2026-10-01T02:57:47Z	28849104	0.00	23850	33.46GiB / 44GiB
2026-10-01T02:57:53Z	28392640	0.00	23850	33.46GiB / 44GiB
2026-10-01T02:57:59Z	28400672	0.00	23850	33.46GiB / 44GiB
2026-10-01T02:58:05Z	28403232	0.00	23850	33.46GiB / 44GiB
2026-10-01T02:58:11Z	28437908	0.00	23850	33.36GiB / 44GiB
2026-10-01T02:58:17Z	28464900	0.00	23850	33.48GiB / 44GiB
2026-10-01T02:58:23Z	28446072	0.00	23850	33.48GiB / 44GiB
2026-10-01T02:58:29Z	28452948	0.00	23850	33.48GiB / 44GiB
2026-10-01T02:58:35Z	28423572	0.00	23850	33.48GiB / 44GiB
2026-10-01T02:58:41Z	28448260	0.00	23850	33.48GiB / 44GiB
2026-10-01T02:58:47Z	28461068	0.00	23850	33.48GiB / 44GiB
2026-10-01T02:58:54Z	28440740	0.00	23850	33.48GiB / 44GiB
2026-10-01T02:59:00Z	28397148	0.00	23850	33.48GiB / 44GiB
2026-10-01T02:59:06Z	28431552	0.00	23850	33.48GiB / 44GiB
2026-10-01T02:59:12Z	28457588	0.00	23850	33.48GiB / 44GiB
2026-10-01T02:59:18Z	28479212	0.00	23850	33.48GiB / 44GiB
2026-10-01T02:59:24Z	28493588	0.00	23850	33.48GiB / 44GiB
2026-10-01T02:59:30Z	28502352	0.00	23850	33.48GiB / 44GiB
2026-10-01T02:59:36Z	28463328	0.00	23850	33.48GiB / 44GiB
2026-10-01T02:59:42Z	28470816	0.00	23850	33.48GiB / 44GiB
2026-10-01T02:59:48Z	28444512	0.00	23850	33.48GiB / 44GiB
2026-10-01T02:59:54Z	28434868	0.00	23850	33.48GiB / 44GiB
2026-10-01T03:00:00Z	28341776	0.00	23850	33.48GiB / 44GiB
2026-10-01T03:00:06Z	28050800	0.00	23850	33.48GiB / 44GiB
2026-10-01T03:00:12Z	27980504	0.00	23850	33.48GiB / 44GiB
2026-10-01T03:00:18Z	27974056	0.00	23850	33.48GiB / 44GiB
2026-10-01T03:00:24Z	27913552	0.00	23850	33.48GiB / 44GiB
2026-10-01T03:00:30Z	27965924	0.00	23850	33.48GiB / 44GiB
2026-10-01T03:00:36Z	27906480	0.00	23850	33.48GiB / 44GiB
2026-10-01T03:00:42Z	27940656	0.00	23850	33.48GiB / 44GiB
2026-10-01T03:00:49Z	28027460	0.00	23850	33.48GiB / 44GiB
2026-10-01T03:00:55Z	27972172	0.00	23850	33.48GiB / 44GiB
2026-10-01T03:01:01Z	27972416	0.00	23850	33.48GiB / 44GiB
2026-10-01T03:01:07Z	28009160	0.00	23850	33.48GiB / 44GiB
2026-10-01T03:01:13Z	28010644	0.00	23850	33.48GiB / 44GiB
2026-10-01T03:01:19Z	28001376	0.00	23850	33.48GiB / 44GiB
2026-10-01T03:01:25Z	27973808	0.00	23850	33.48GiB / 44GiB
2026-10-01T03:01:31Z	27935028	0.00	23850	33.48GiB / 44GiB
2026-10-01T03:01:37Z	27947516	0.00	23850	33.48GiB / 44GiB
2026-10-01T03:01:43Z	27975272	0.00	23850	33.48GiB / 44GiB
2026-10-01T03:01:49Z	28168492	0.00	23850	33.48GiB / 44GiB
2026-10-01T03:01:55Z	28152660	0.00	23850	33.48GiB / 44GiB
2026-10-01T03:02:01Z	28246608	0.00	23850	33.48GiB / 44GiB
2026-10-01T03:02:07Z	28150072	0.00	23850	33.48GiB / 44GiB
2026-10-01T03:02:13Z	28168456	0.00	23850	33.48GiB / 44GiB
2026-10-01T03:02:19Z	28107428	0.00	23850	33.48GiB / 44GiB
2026-10-01T03:02:25Z	28134276	0.00	23850	33.48GiB / 44GiB
2026-10-01T03:02:31Z	28161664	0.00	23850	33.48GiB / 44GiB
2026-10-01T03:02:37Z	28152320	0.00	23850	33.48GiB / 44GiB
2026-10-01T03:02:44Z	28164804	0.00	23850	33.48GiB / 44GiB
2026-10-01T03:02:50Z	28154212	0.00	23850	33.48GiB / 44GiB
2026-10-01T03:02:56Z	28169052	0.00	23850	33.48GiB / 44GiB
2026-10-01T03:03:02Z	28124976	0.00	23850	33.48GiB / 44GiB
2026-10-01T03:03:08Z	28157832	0.00	23850	33.48GiB / 44GiB
2026-10-01T03:03:14Z	28174048	0.00	23850	33.48GiB / 44GiB
2026-10-01T03:03:20Z	28143432	0.00	23850	33.48GiB / 44GiB
2026-10-01T03:03:26Z	28144664	0.00	23850	33.48GiB / 44GiB
2026-10-01T03:03:32Z	28153772	0.00	23850	33.48GiB / 44GiB
2026-10-01T03:03:38Z	28106616	0.00	23850	33.48GiB / 44GiB
2026-10-01T03:03:44Z	28184552	0.00	23850	33.48GiB / 44GiB
2026-10-01T03:03:50Z	28166304	0.00	23850	33.48GiB / 44GiB
2026-10-01T03:03:56Z	28149556	0.00	23850	33.48GiB / 44GiB
2026-10-01T03:04:02Z	28157708	0.00	23850	33.48GiB / 44GiB
2026-10-01T03:04:08Z	28161788	0.00	23850	33.48GiB / 44GiB
2026-10-01T03:04:14Z	28167420	0.00	23850	33.48GiB / 44GiB
2026-10-01T03:04:20Z	28154896	0.00	23850	33.48GiB / 44GiB
2026-10-01T03:04:26Z	28148276	0.00	23850	33.48GiB / 44GiB
2026-10-01T03:04:32Z	28154952	0.00	23850	33.48GiB / 44GiB
2026-10-01T03:04:39Z	28163708	0.00	23850	33.48GiB / 44GiB
2026-10-01T03:04:45Z	28117960	0.00	23850	33.48GiB / 44GiB
2026-10-01T03:04:51Z	28146032	0.00	23850	33.48GiB / 44GiB
2026-10-01T03:04:57Z	28131296	0.00	23850	33.48GiB / 44GiB
2026-10-01T03:05:03Z	28166924	0.00	23850	33.48GiB / 44GiB
2026-10-01T03:05:09Z	28139876	0.00	23850	33.48GiB / 44GiB
2026-10-01T03:05:15Z	28130600	0.00	23850	33.48GiB / 44GiB
2026-10-01T03:05:21Z	28162800	0.00	23850	33.48GiB / 44GiB
2026-10-01T03:05:27Z	28165068	0.00	23850	33.48GiB / 44GiB
2026-10-01T03:05:33Z	28170108	0.00	23850	33.48GiB / 44GiB
2026-10-01T03:05:39Z	28144772	0.00	23850	33.48GiB / 44GiB
2026-10-01T03:05:45Z	28169916	0.00	23850	33.48GiB / 44GiB
2026-10-01T03:05:51Z	28136228	0.00	23850	33.48GiB / 44GiB
2026-10-01T03:05:57Z	28119584	0.00	23850	33.48GiB / 44GiB
2026-10-01T03:06:03Z	28128828	0.00	23850	33.48GiB / 44GiB
2026-10-01T03:06:09Z	28124380	0.00	23850	33.48GiB / 44GiB
2026-10-01T03:06:15Z	28170416	0.00	23850	33.48GiB / 44GiB
2026-10-01T03:06:21Z	28142360	0.00	23850	33.48GiB / 44GiB
2026-10-01T03:06:27Z	28128724	0.00	23850	33.48GiB / 44GiB
2026-10-01T03:06:34Z	28135500	0.00	23850	33.48GiB / 44GiB
2026-10-01T03:06:40Z	28132196	0.00	23850	33.48GiB / 44GiB
2026-10-01T03:06:46Z	28137400	0.00	23850	33.48GiB / 44GiB
2026-10-01T03:06:52Z	28154176	0.00	23850	33.48GiB / 44GiB
2026-10-01T03:06:58Z	28134248	0.00	23850	33.48GiB / 44GiB
2026-10-01T03:07:04Z	28159192	0.00	23850	33.48GiB / 44GiB
2026-10-01T03:07:11Z	28195916	0.00	23850	33.48GiB / 44GiB
2026-10-01T03:07:17Z	28221564	0.00	23850	33.48GiB / 44GiB
2026-10-01T03:07:23Z	28191480	0.00	23850	33.48GiB / 44GiB
2026-10-01T03:07:29Z	28195404	0.00	23850	33.48GiB / 44GiB
2026-10-01T03:07:35Z	28204608	0.00	23850	33.48GiB / 44GiB
2026-10-01T03:07:41Z	28830892	0.00	23850	33.48GiB / 44GiB
2026-10-01T03:07:47Z	28721840	0.00	23850	33.48GiB / 44GiB
2026-10-01T03:07:53Z	28181868	0.00	23850	33.48GiB / 44GiB
2026-10-01T03:07:59Z	28135740	0.00	23850	33.48GiB / 44GiB
2026-10-01T03:08:05Z	28155940	0.00	23850	33.48GiB / 44GiB
2026-10-01T03:08:11Z	28154008	0.00	23850	33.48GiB / 44GiB
2026-10-01T03:08:18Z	28167884	0.00	23850	33.48GiB / 44GiB
2026-10-01T03:08:24Z	28172136	0.00	23850	33.48GiB / 44GiB
2026-10-01T03:08:30Z	28163252	0.00	23850	33.48GiB / 44GiB
2026-10-01T03:08:36Z	28167708	0.00	23850	33.48GiB / 44GiB
2026-10-01T03:08:42Z	28176736	0.00	23850	33.48GiB / 44GiB
2026-10-01T03:08:48Z	28199376	0.00	23850	33.48GiB / 44GiB
2026-10-01T03:08:54Z	28153992	0.00	23850	33.48GiB / 44GiB
2026-10-01T03:09:00Z	28191020	0.00	23850	33.48GiB / 44GiB
2026-10-01T03:09:06Z	28181052	0.00	23850	33.48GiB / 44GiB
2026-10-01T03:09:12Z	28158340	0.00	23850	33.48GiB / 44GiB
2026-10-01T03:09:18Z	28199040	0.00	23850	33.48GiB / 44GiB
2026-10-01T03:09:24Z	28179512	0.00	23850	33.48GiB / 44GiB
2026-10-01T03:09:30Z	28198284	0.00	23850	33.48GiB / 44GiB
2026-10-01T03:09:36Z	28166808	0.00	23850	33.48GiB / 44GiB
2026-10-01T03:09:42Z	28248088	0.00	23850	33.48GiB / 44GiB
2026-10-01T03:09:48Z	28200576	0.00	23850	33.48GiB / 44GiB
2026-10-01T03:09:54Z	28197452	0.00	23850	33.48GiB / 44GiB
2026-10-01T03:10:00Z	28062448	0.00	23850	33.48GiB / 44GiB
2026-10-01T03:10:06Z	28054888	0.00	23850	33.48GiB / 44GiB
2026-10-01T03:10:13Z	28099400	0.00	23850	33.48GiB / 44GiB
2026-10-01T03:10:19Z	28124572	0.00	23850	33.48GiB / 44GiB
2026-10-01T03:10:25Z	28036404	0.00	23850	33.48GiB / 44GiB
2026-10-01T03:10:31Z	28088484	0.00	23850	33.48GiB / 44GiB
2026-10-01T03:10:37Z	28073352	0.00	23850	33.48GiB / 44GiB
2026-10-01T03:10:43Z	28077264	0.00	23850	33.48GiB / 44GiB
2026-10-01T03:10:52Z	28110164	0.00	23850	33.48GiB / 44GiB
2026-10-01T03:10:58Z	28064036	0.00	23850	33.48GiB / 44GiB
2026-10-01T03:11:04Z	28134152	0.00	23850	33.48GiB / 44GiB
2026-10-01T03:11:11Z	28087240	0.00	23850	33.48GiB / 44GiB
2026-10-01T03:11:17Z	28122916	0.00	23850	33.48GiB / 44GiB
2026-10-01T03:11:23Z	28142188	0.00	23850	33.48GiB / 44GiB
2026-10-01T03:11:29Z	28102808	0.00	23850	33.48GiB / 44GiB
2026-10-01T03:11:35Z	28097104	0.00	23850	33.48GiB / 44GiB
2026-10-01T03:11:41Z	28115756	0.00	23850	33.48GiB / 44GiB
2026-10-01T03:11:47Z	28099980	0.00	23850	33.37GiB / 44GiB
2026-10-01T03:11:53Z	28112516	0.00	23850	33.48GiB / 44GiB
2026-10-01T03:11:59Z	28138684	0.00	23850	33.48GiB / 44GiB
2026-10-01T03:12:05Z	28113076	0.00	23850	33.48GiB / 44GiB
2026-10-01T03:12:11Z	28108304	0.00	23850	33.48GiB / 44GiB
2026-10-01T03:12:17Z	28154792	0.00	23850	33.48GiB / 44GiB
2026-10-01T03:12:23Z	28108508	0.00	23850	33.48GiB / 44GiB
2026-10-01T03:12:29Z	28112576	0.00	23850	33.48GiB / 44GiB
2026-10-01T03:12:35Z	28138740	0.00	23850	33.48GiB / 44GiB
2026-10-01T03:12:41Z	28119020	0.00	23850	33.48GiB / 44GiB
2026-10-01T03:12:47Z	28137068	0.00	23850	33.48GiB / 44GiB
2026-10-01T03:12:53Z	28120920	0.00	23850	33.48GiB / 44GiB
2026-10-01T03:12:59Z	28094692	0.00	23850	33.48GiB / 44GiB
2026-10-01T03:13:06Z	28088196	0.00	23850	33.48GiB / 44GiB
2026-10-01T03:13:12Z	28116452	0.00	23850	33.48GiB / 44GiB
2026-10-01T03:13:18Z	28162752	0.00	23850	33.48GiB / 44GiB
2026-10-01T03:13:24Z	28134208	0.00	23850	33.48GiB / 44GiB
2026-10-01T03:13:30Z	28116204	0.00	23850	33.48GiB / 44GiB
2026-10-01T03:13:36Z	28123452	0.00	23850	33.48GiB / 44GiB
2026-10-01T03:13:42Z	28126028	0.00	23850	33.48GiB / 44GiB
2026-10-01T03:13:48Z	28151164	0.00	23850	33.48GiB / 44GiB
2026-10-01T03:13:54Z	28142028	0.00	23850	33.48GiB / 44GiB
2026-10-01T03:14:00Z	28191964	0.00	23850	33.48GiB / 44GiB
2026-10-01T03:14:06Z	28092432	0.00	23850	33.48GiB / 44GiB
2026-10-01T03:14:12Z	28163444	0.00	23850	33.48GiB / 44GiB
2026-10-01T03:14:18Z	28182536	0.00	23850	33.48GiB / 44GiB
2026-10-01T03:14:24Z	28188708	0.00	23850	33.48GiB / 44GiB
2026-10-01T03:14:30Z	35115700	0.00	5428	16.59GiB / 44GiB
