2026-10-01T10:51:44Z	guard=active	trip=false	47, 87.03, 370.00, 9, 0, 315
2026-10-01T10:51:49Z	guard=active	trip=false	48, 100.38, 370.00, 1790, 2, 1350
2026-10-01T10:51:54Z	guard=active	trip=false	49, 100.55, 370.00, 2676, 3, 1350
2026-10-01T10:51:59Z	guard=active	trip=false	49, 100.59, 370.00, 4922, 6, 1350
2026-10-01T10:52:04Z	guard=active	trip=false	49, 100.62, 370.00, 23280, 0, 1350
2026-10-01T10:52:09Z	guard=active	trip=false	50, 100.79, 370.00, 23280, 2, 1350
2026-10-01T10:52:14Z	guard=active	trip=false	50, 100.81, 370.00, 23280, 0, 1350
2026-10-01T10:52:19Z	guard=active	trip=false	50, 100.96, 370.00, 23280, 2, 1350
2026-10-01T10:52:24Z	guard=active	trip=false	50, 101.37, 370.00, 23280, 1, 1350
2026-10-01T10:52:29Z	guard=active	trip=false	51, 101.33, 370.00, 23280, 2, 1350
2026-10-01T10:52:34Z	guard=active	trip=false	51, 101.33, 370.00, 23280, 2, 1350
2026-10-01T10:52:39Z	guard=active	trip=false	51, 101.82, 370.00, 23280, 2, 1350
2026-10-01T10:52:44Z	guard=active	trip=false	51, 101.93, 370.00, 23280, 2, 1350
2026-10-01T10:52:49Z	guard=active	trip=false	51, 101.79, 370.00, 23280, 2, 1350
2026-10-01T10:52:54Z	guard=active	trip=false	51, 101.83, 370.00, 23280, 0, 1350
2026-10-01T10:52:59Z	guard=active	trip=false	52, 101.68, 370.00, 23280, 2, 1350
2026-10-01T10:53:04Z	guard=active	trip=false	52, 101.96, 370.00, 23280, 2, 1350
2026-10-01T10:53:10Z	guard=active	trip=false	52, 102.02, 370.00, 23280, 2, 1350
2026-10-01T10:53:15Z	guard=active	trip=false	52, 102.02, 370.00, 23280, 2, 1350
2026-10-01T10:53:20Z	guard=active	trip=false	52, 102.09, 370.00, 23280, 2, 1350
2026-10-01T10:53:25Z	guard=active	trip=false	52, 101.99, 370.00, 23280, 0, 1350
2026-10-01T10:53:30Z	guard=active	trip=false	52, 102.19, 370.00, 23312, 0, 1350
2026-10-01T10:53:35Z	guard=active	trip=false	52, 102.02, 370.00, 23312, 0, 1350
2026-10-01T10:53:40Z	guard=active	trip=false	52, 102.23, 370.00, 23312, 0, 1350
2026-10-01T10:53:45Z	guard=active	trip=false	48, 36.49, 370.00, 23312, 0, 210
2026-10-01T10:53:50Z	guard=active	trip=false	48, 36.11, 370.00, 23312, 0, 210
2026-10-01T10:53:55Z	guard=active	trip=false	47, 35.92, 370.00, 23312, 0, 210
2026-10-01T10:54:00Z	guard=active	trip=false	47, 35.67, 370.00, 23312, 0, 210
2026-10-01T10:54:05Z	guard=active	trip=false	46, 35.74, 370.00, 23312, 0, 210
2026-10-01T10:54:10Z	guard=active	trip=false	46, 35.33, 370.00, 23312, 0, 210
2026-10-01T10:54:15Z	guard=active	trip=false	53, 151.14, 370.00, 23772, 97, 1350
2026-10-01T10:54:20Z	guard=active	trip=false	53, 152.27, 370.00, 23772, 87, 1350
2026-10-01T10:54:25Z	guard=active	trip=false	55, 173.28, 370.00, 23772, 73, 1350
2026-10-01T10:54:30Z	guard=active	trip=false	56, 171.19, 370.00, 23772, 100, 1350
2026-10-01T10:54:35Z	guard=active	trip=false	56, 174.36, 370.00, 23772, 93, 1350
2026-10-01T10:54:40Z	guard=active	trip=false	57, 177.69, 370.00, 23772, 98, 1350
2026-10-01T10:54:45Z	guard=active	trip=false	57, 170.11, 370.00, 23772, 89, 1350
2026-10-01T10:54:50Z	guard=active	trip=false	58, 175.02, 370.00, 23772, 87, 1350
2026-10-01T10:54:55Z	guard=active	trip=false	55, 107.89, 370.00, 23772, 0, 1350
2026-10-01T10:55:00Z	guard=active	trip=false	55, 102.11, 370.00, 23772, 0, 1350
2026-10-01T10:55:05Z	guard=active	trip=false	55, 111.01, 370.00, 23772, 96, 1350
2026-10-01T10:55:11Z	guard=active	trip=false	58, 168.73, 370.00, 23772, 100, 1350
2026-10-01T10:55:16Z	guard=active	trip=false	59, 167.72, 370.00, 23772, 84, 1350
2026-10-01T10:55:21Z	guard=active	trip=false	59, 166.44, 370.00, 23772, 97, 1350
2026-10-01T10:55:26Z	guard=active	trip=false	59, 171.20, 370.00, 23772, 90, 1350
2026-10-01T10:55:31Z	guard=active	trip=false	60, 174.85, 370.00, 23772, 92, 1350
2026-10-01T10:55:36Z	guard=active	trip=false	60, 177.07, 370.00, 23772, 94, 1350
2026-10-01T10:55:41Z	guard=active	trip=false	61, 172.62, 370.00, 23772, 96, 1350
2026-10-01T10:55:46Z	guard=active	trip=false	60, 139.16, 370.00, 23772, 95, 1350
2026-10-01T10:55:51Z	guard=active	trip=false	61, 175.42, 370.00, 23772, 97, 1350
2026-10-01T10:55:56Z	guard=active	trip=false	61, 172.90, 370.00, 23772, 100, 1350
2026-10-01T10:56:01Z	guard=active	trip=false	61, 169.51, 370.00, 23772, 100, 1350
2026-10-01T10:56:06Z	guard=active	trip=false	62, 177.30, 370.00, 23772, 100, 1350
2026-10-01T10:56:11Z	guard=active	trip=false	59, 113.21, 370.00, 23772, 0, 1350
2026-10-01T10:56:21Z	guard=active	trip=false	62, 164.60, 370.00, 23772, 96, 1350
2026-10-01T10:56:26Z	guard=active	trip=false	63, 177.38, 370.00, 23772, 95, 1350
2026-10-01T10:56:31Z	guard=active	trip=false	63, 180.27, 370.00, 23772, 97, 1350
2026-10-01T10:56:36Z	guard=active	trip=false	60, 109.90, 370.00, 5370, 0, 1350
2026-10-01T10:56:41Z	guard=active	trip=false	59, 106.49, 370.00, 1790, 0, 1350
