2026-10-01T11:20:59Z	47702408	0.00	9	653.1MiB / 44GiB
2026-10-01T11:21:05Z	46784708	0.00	2960	3.388GiB / 44GiB
2026-10-01T11:21:11Z	44753676	0.00	23280	5.239GiB / 44GiB
2026-10-01T11:21:17Z	44741444	0.00	23280	6.221GiB / 44GiB
2026-10-01T11:21:23Z	45724788	0.00	23280	7.336GiB / 44GiB
2026-10-01T11:21:29Z	45613220	0.00	23280	2.994GiB / 44GiB
2026-10-01T11:21:35Z	46152536	0.00	23280	4.562GiB / 44GiB
2026-10-01T11:21:41Z	46290100	0.00	23280	6.122GiB / 44GiB
2026-10-01T11:21:47Z	46263020	0.00	23280	7.678GiB / 44GiB
2026-10-01T11:21:54Z	46227284	0.00	23280	9.205GiB / 44GiB
2026-10-01T11:22:00Z	46207024	0.00	23280	10.73GiB / 44GiB
2026-10-01T11:22:06Z	46269900	0.00	23280	12.26GiB / 44GiB
2026-10-01T11:22:12Z	46287332	0.00	23280	13.77GiB / 44GiB
2026-10-01T11:22:18Z	46241280	0.00	23280	15.31GiB / 44GiB
2026-10-01T11:22:24Z	46266928	0.00	23280	16.87GiB / 44GiB
2026-10-01T11:22:30Z	31385640	0.18	23280	36.57GiB / 44GiB
2026-10-01T11:22:36Z	25301896	0.58	23320	36.23GiB / 44GiB
2026-10-01T11:22:42Z	25294656	0.32	23320	32.86GiB / 44GiB
2026-10-01T11:22:48Z	25292968	0.17	23320	31.62GiB / 44GiB
2026-10-01T11:22:54Z	25308620	0.09	23320	28.25GiB / 44GiB
2026-10-01T11:23:00Z	25251260	0.05	23320	25.92GiB / 44GiB
2026-10-01T11:23:06Z	25275020	0.02	23320	24.09GiB / 44GiB
2026-10-01T11:23:12Z	23781872	0.01	23804	24.04GiB / 44GiB
2026-10-01T11:23:18Z	23760340	0.00	23806	24.15GiB / 44GiB
2026-10-01T11:23:24Z	23645508	0.00	23824	24.17GiB / 44GiB
2026-10-01T11:23:30Z	23603648	0.00	23824	24.17GiB / 44GiB
2026-10-01T11:23:36Z	23619772	0.00	23824	24.17GiB / 44GiB
2026-10-01T11:23:42Z	23676976	0.00	23824	24.07GiB / 44GiB
2026-10-01T11:23:49Z	23604136	0.00	23824	24.18GiB / 44GiB
2026-10-01T11:23:55Z	23599240	0.00	23824	24.18GiB / 44GiB
2026-10-01T11:24:01Z	23610144	0.00	23824	24.18GiB / 44GiB
2026-10-01T11:24:07Z	23591324	0.18	23824	24.18GiB / 44GiB
2026-10-01T11:24:13Z	23591764	0.09	23824	24.18GiB / 44GiB
2026-10-01T11:24:19Z	23715496	0.05	23824	24.07GiB / 44GiB
2026-10-01T11:24:25Z	23614940	0.02	23824	24.07GiB / 44GiB
2026-10-01T11:24:31Z	23647360	0.01	23824	24.18GiB / 44GiB
2026-10-01T11:24:37Z	23624232	0.00	23824	24.19GiB / 44GiB
2026-10-01T11:24:43Z	23596676	0.00	23824	24.08GiB / 44GiB
2026-10-01T11:24:49Z	23696836	0.00	23824	24.08GiB / 44GiB
2026-10-01T11:24:55Z	23606984	0.00	23824	24.19GiB / 44GiB
2026-10-01T11:25:01Z	23598672	0.00	23824	24.19GiB / 44GiB
2026-10-01T11:25:09Z	23600572	0.84	23824	24.19GiB / 44GiB
2026-10-01T11:25:15Z	23652100	0.46	23824	24.19GiB / 44GiB
2026-10-01T11:25:21Z	23634012	0.25	23824	24.08GiB / 44GiB
2026-10-01T11:25:28Z	23582900	0.13	23824	24.19GiB / 44GiB
2026-10-01T11:25:34Z	23698508	0.07	23824	24.08GiB / 44GiB
2026-10-01T11:25:40Z	28471988	0.03	5410	3.86GiB / 44GiB
