2026-10-01T10:44:04Z	49077168	0.00	9	319.6MiB / 44GiB
2026-10-01T10:44:10Z	48274852	0.00	1790	1.267GiB / 44GiB
2026-10-01T10:44:16Z	46092812	0.00	23280	4.264GiB / 44GiB
2026-10-01T10:44:22Z	46094600	0.00	23280	5.846GiB / 44GiB
2026-10-01T10:44:28Z	46172088	0.00	23280	7.462GiB / 44GiB
2026-10-01T10:44:34Z	46142632	0.00	23280	9.075GiB / 44GiB
2026-10-01T10:44:40Z	46188112	0.00	23280	10.68GiB / 44GiB
2026-10-01T10:44:46Z	46190552	0.00	23280	12.27GiB / 44GiB
2026-10-01T10:44:52Z	46223836	0.00	23280	13.82GiB / 44GiB
2026-10-01T10:44:58Z	46158704	0.00	23280	15.41GiB / 44GiB
2026-10-01T10:45:04Z	46150624	0.00	23280	16.92GiB / 44GiB
2026-10-01T10:45:10Z	46172784	0.00	23280	18.43GiB / 44GiB
2026-10-01T10:45:16Z	46124068	0.00	23280	19.96GiB / 44GiB
2026-10-01T10:45:22Z	46146316	0.00	23280	21.41GiB / 44GiB
2026-10-01T10:45:28Z	46106524	0.00	23280	27GiB / 44GiB
2026-10-01T10:45:34Z	27680724	0.00	23314	40.4GiB / 44GiB
2026-10-01T10:45:40Z	27638860	0.00	23314	36.44GiB / 44GiB
2026-10-01T10:45:46Z	27625268	0.00	23314	34.91GiB / 44GiB
2026-10-01T10:45:52Z	27658764	0.00	23314	31.4GiB / 44GiB
2026-10-01T10:45:58Z	27694084	0.00	23314	28.85GiB / 44GiB
2026-10-01T10:46:04Z	27686732	0.00	23314	25.57GiB / 44GiB
2026-10-01T10:46:11Z	27297952	0.00	23330	22.2GiB / 44GiB
2026-10-01T10:46:17Z	26067204	0.00	23820	22.53GiB / 44GiB
2026-10-01T10:46:23Z	26019604	0.00	23826	22.53GiB / 44GiB
2026-10-01T10:46:29Z	26068300	0.00	23842	22.53GiB / 44GiB
2026-10-01T10:46:35Z	26009744	0.00	23842	22.53GiB / 44GiB
2026-10-01T10:46:41Z	26062372	0.00	23842	22.42GiB / 44GiB
2026-10-01T10:46:47Z	26016660	0.00	23842	22.53GiB / 44GiB
2026-10-01T10:46:53Z	25984212	0.00	23842	22.53GiB / 44GiB
2026-10-01T10:46:59Z	26024772	0.00	23842	22.42GiB / 44GiB
2026-10-01T10:47:05Z	26012208	0.00	23842	22.53GiB / 44GiB
2026-10-01T10:47:11Z	26006684	0.00	23842	22.53GiB / 44GiB
2026-10-01T10:47:17Z	26050184	0.00	23842	22.53GiB / 44GiB
2026-10-01T10:47:23Z	26093148	0.00	23842	22.53GiB / 44GiB
2026-10-01T10:47:29Z	25964100	0.00	23842	22.53GiB / 44GiB
2026-10-01T10:47:35Z	26004716	0.00	23842	22.53GiB / 44GiB
2026-10-01T10:47:41Z	26029588	0.00	23842	22.53GiB / 44GiB
2026-10-01T10:47:47Z	26063204	0.00	23842	22.53GiB / 44GiB
2026-10-01T10:47:53Z	26052652	0.00	23842	22.53GiB / 44GiB
2026-10-01T10:47:59Z	26005884	0.00	23842	22.53GiB / 44GiB
2026-10-01T10:48:06Z	25965164	0.00	23842	22.42GiB / 44GiB
2026-10-01T10:48:12Z	25986152	0.00	23842	22.53GiB / 44GiB
2026-10-01T10:48:18Z	26028008	0.00	23842	22.53GiB / 44GiB
2026-10-01T10:48:24Z	26054220	0.00	23842	22.53GiB / 44GiB
2026-10-01T10:48:30Z	26008724	0.00	23842	22.53GiB / 44GiB
2026-10-01T10:48:36Z	26026588	0.00	23842	22.53GiB / 44GiB
2026-10-01T10:48:42Z	26017636	0.00	23842	22.23GiB / 44GiB
