2026-09-30T23:32:16Z	50721616	0.00	9	70.91MiB / 44GiB
2026-09-30T23:32:22Z	50680200	0.00	9	90.36MiB / 44GiB
2026-09-30T23:32:28Z	50713056	0.00	9	96.25MiB / 44GiB
2026-09-30T23:32:34Z	51099728	0.00	9	109.1MiB / 44GiB
2026-09-30T23:32:40Z	50918004	0.00	9	123.9MiB / 44GiB
2026-09-30T23:32:46Z	51004932	0.00	9	137.5MiB / 44GiB
2026-09-30T23:32:52Z	50961236	0.00	9	148.2MiB / 44GiB
2026-09-30T23:32:58Z	50922508	0.00	9	160.8MiB / 44GiB
2026-09-30T23:33:04Z	50860256	0.00	9	167.3MiB / 44GiB
2026-09-30T23:33:10Z	50811580	0.00	9	182.5MiB / 44GiB
2026-09-30T23:33:16Z	50832904	0.00	9	188.2MiB / 44GiB
2026-09-30T23:33:22Z	50830400	0.00	9	188.8MiB / 44GiB
2026-09-30T23:33:28Z	50876832	0.00	9	171.2MiB / 44GiB
2026-09-30T23:33:35Z	50906304	0.00	9	174.6MiB / 44GiB
2026-09-30T23:33:41Z	50787780	0.00	9	191.5MiB / 44GiB
2026-09-30T23:33:47Z	50695348	0.00	9	182.1MiB / 44GiB
2026-09-30T23:33:53Z	50722508	0.00	9	192.3MiB / 44GiB
2026-09-30T23:33:59Z	50945620	0.00	9	179.1MiB / 44GiB
2026-09-30T23:34:05Z	50899928	0.00	9	199.4MiB / 44GiB
2026-09-30T23:34:11Z	50908936	0.00	9	203MiB / 44GiB
2026-09-30T23:34:17Z	50908000	0.00	9	198.9MiB / 44GiB
2026-09-30T23:34:23Z	50894036	0.00	9	202.1MiB / 44GiB
2026-09-30T23:34:29Z	50903996	0.00	9	208.5MiB / 44GiB
2026-09-30T23:34:35Z	50861408	0.00	9	192MiB / 44GiB
2026-09-30T23:34:41Z	50943984	0.00	9	215.4MiB / 44GiB
2026-09-30T23:34:47Z	50920912	0.00	9	200MiB / 44GiB
2026-09-30T23:34:53Z	50933468	0.00	9	208.8MiB / 44GiB
2026-09-30T23:34:59Z	50945972	0.00	9	216MiB / 44GiB
2026-09-30T23:35:05Z	50933896	0.00	9	226.3MiB / 44GiB
2026-09-30T23:35:11Z	52139076	0.00	9	233.4MiB / 44GiB
2026-09-30T23:35:17Z	52163560	0.00	9	244MiB / 44GiB
2026-09-30T23:35:23Z	52253196	0.00	9	255.8MiB / 44GiB
2026-09-30T23:35:29Z	52133456	0.00	9	263.4MiB / 44GiB
2026-09-30T23:35:35Z	52154640	0.00	9	301.3MiB / 44GiB
2026-09-30T23:35:42Z	52126356	0.00	9	309.6MiB / 44GiB
2026-09-30T23:35:48Z	52086428	0.00	9	305.5MiB / 44GiB
2026-09-30T23:35:54Z	51894980	0.00	9	317.5MiB / 44GiB
2026-09-30T23:36:00Z	51578028	0.00	9	332.1MiB / 44GiB
2026-09-30T23:36:06Z	51260508	0.00	9	330.8MiB / 44GiB
2026-09-30T23:36:12Z	51212240	0.00	9	336.7MiB / 44GiB
2026-09-30T23:36:18Z	51289380	0.00	9	346.7MiB / 44GiB
2026-09-30T23:36:24Z	51162852	0.00	9	359.6MiB / 44GiB
2026-09-30T23:36:30Z	51161924	0.00	9	361.3MiB / 44GiB
2026-09-30T23:36:36Z	51184540	0.00	9	371.1MiB / 44GiB
2026-09-30T23:36:42Z	51336984	0.00	9	380.5MiB / 44GiB
2026-09-30T23:36:48Z	51218456	0.00	9	391.7MiB / 44GiB
2026-09-30T23:36:54Z	51074512	0.00	9	395.9MiB / 44GiB
2026-09-30T23:37:00Z	50991392	0.00	9	406.2MiB / 44GiB
2026-09-30T23:37:06Z	51011468	0.00	9	415.8MiB / 44GiB
2026-09-30T23:37:12Z	51670036	0.00	9	427.2MiB / 44GiB
2026-09-30T23:37:18Z	51494608	0.00	9	436.6MiB / 44GiB
2026-09-30T23:37:24Z	51484216	0.00	9	447.1MiB / 44GiB
2026-09-30T23:37:30Z	51543892	0.00	9	458.3MiB / 44GiB
2026-09-30T23:37:37Z	51614956	0.00	9	470.1MiB / 44GiB
2026-09-30T23:37:43Z	51705900	0.00	9	479.7MiB / 44GiB
2026-09-30T23:37:49Z	51684244	0.00	9	486.7MiB / 44GiB
2026-09-30T23:37:55Z	51692040	0.00	9	497.7MiB / 44GiB
2026-09-30T23:38:01Z	51681420	0.00	9	506.5MiB / 44GiB
2026-09-30T23:38:07Z	51691468	0.00	9	515.2MiB / 44GiB
2026-09-30T23:38:13Z	51724476	0.00	9	523.3MiB / 44GiB
2026-09-30T23:38:19Z	51639712	0.00	9	530.9MiB / 44GiB
2026-09-30T23:38:25Z	51692320	0.00	9	543.3MiB / 44GiB
2026-09-30T23:38:31Z	51577552	0.00	9	540.8MiB / 44GiB
2026-09-30T23:38:37Z	51455568	0.00	9	547.3MiB / 44GiB
2026-09-30T23:38:43Z	51591416	0.00	9	552.3MiB / 44GiB
2026-09-30T23:38:49Z	51577452	0.00	9	583.9MiB / 44GiB
2026-09-30T23:38:55Z	51702832	0.00	9	567.8MiB / 44GiB
2026-09-30T23:39:01Z	51637596	0.00	9	575.1MiB / 44GiB
2026-09-30T23:39:07Z	51684228	0.00	9	587.1MiB / 44GiB
2026-09-30T23:39:13Z	51716916	0.00	9	610MiB / 44GiB
2026-09-30T23:39:19Z	51749792	0.00	9	593.5MiB / 44GiB
2026-09-30T23:39:25Z	51739636	0.00	9	617.5MiB / 44GiB
2026-09-30T23:39:31Z	51684252	0.00	9	617.6MiB / 44GiB
2026-09-30T23:39:37Z	51749456	0.00	9	609.1MiB / 44GiB
2026-09-30T23:39:44Z	51751676	0.00	9	613.7MiB / 44GiB
2026-09-30T23:39:50Z	51690808	0.00	9	632MiB / 44GiB
2026-09-30T23:39:56Z	51634492	0.00	9	618.6MiB / 44GiB
2026-09-30T23:40:02Z	51632592	0.00	9	620.4MiB / 44GiB
2026-09-30T23:40:08Z	51526076	0.00	9	620.9MiB / 44GiB
2026-09-30T23:40:14Z	51629744	0.00	9	624.1MiB / 44GiB
2026-09-30T23:40:20Z	51685152	0.00	9	639MiB / 44GiB
2026-09-30T23:40:26Z	51744884	0.00	9	623.2MiB / 44GiB
2026-09-30T23:40:32Z	51662956	0.00	9	654.4MiB / 44GiB
2026-09-30T23:40:38Z	51651580	0.00	9	623MiB / 44GiB
2026-09-30T23:40:44Z	51639624	0.00	9	621.9MiB / 44GiB
2026-09-30T23:40:50Z	51697516	0.00	9	623.5MiB / 44GiB
2026-09-30T23:40:57Z	51707692	0.00	9	622.1MiB / 44GiB
2026-09-30T23:41:03Z	51686688	0.00	9	624.6MiB / 44GiB
2026-09-30T23:41:09Z	51741732	0.00	9	626.1MiB / 44GiB
2026-09-30T23:41:15Z	51594884	0.00	9	625.3MiB / 44GiB
2026-09-30T23:41:21Z	51671048	0.00	9	626.9MiB / 44GiB
2026-09-30T23:41:27Z	51610444	0.00	9	626.2MiB / 44GiB
2026-09-30T23:41:33Z	51642324	0.00	9	643.3MiB / 44GiB
2026-09-30T23:41:39Z	51737760	0.00	9	627MiB / 44GiB
2026-09-30T23:41:45Z	51705312	0.00	9	629.2MiB / 44GiB
2026-09-30T23:41:51Z	51692028	0.00	9	629.3MiB / 44GiB
2026-09-30T23:41:57Z	51704508	0.00	9	634MiB / 44GiB
2026-09-30T23:42:03Z	51675580	0.00	9	646.9MiB / 44GiB
2026-09-30T23:42:09Z	51653612	0.00	9	638.4MiB / 44GiB
2026-09-30T23:42:15Z	51677112	0.00	9	639MiB / 44GiB
2026-09-30T23:42:21Z	51687004	0.00	9	639.4MiB / 44GiB
2026-09-30T23:42:27Z	51665672	0.00	9	642.4MiB / 44GiB
2026-09-30T23:42:33Z	51666532	0.00	9	641.1MiB / 44GiB
2026-09-30T23:42:39Z	51727504	0.00	9	641.3MiB / 44GiB
2026-09-30T23:42:45Z	51553596	0.00	9	649.7MiB / 44GiB
2026-09-30T23:42:51Z	51388412	0.00	9	644.1MiB / 44GiB
2026-09-30T23:42:57Z	51557980	0.00	9	642.3MiB / 44GiB
2026-09-30T23:43:04Z	51525324	0.00	9	674.3MiB / 44GiB
2026-09-30T23:43:10Z	51502792	0.00	9	670.4MiB / 44GiB
2026-09-30T23:43:16Z	51530484	0.00	9	657.4MiB / 44GiB
2026-09-30T23:43:22Z	51478280	0.00	9	645.9MiB / 44GiB
2026-09-30T23:43:28Z	51474604	0.00	9	658.4MiB / 44GiB
2026-09-30T23:43:34Z	51465720	0.00	9	645.7MiB / 44GiB
2026-09-30T23:43:40Z	51517324	0.00	9	651.1MiB / 44GiB
2026-09-30T23:43:46Z	51505384	0.00	9	646.9MiB / 44GiB
2026-09-30T23:43:52Z	51535120	0.00	9	645.8MiB / 44GiB
2026-09-30T23:43:58Z	51452396	0.00	9	647.3MiB / 44GiB
2026-09-30T23:44:04Z	51285912	0.00	9	647.1MiB / 44GiB
2026-09-30T23:44:10Z	51498284	0.00	9	659.9MiB / 44GiB
2026-09-30T23:44:16Z	51688920	0.00	9	649.6MiB / 44GiB
2026-09-30T23:44:22Z	51731420	0.00	9	651.3MiB / 44GiB
2026-09-30T23:44:29Z	51714100	0.00	9	649.1MiB / 44GiB
2026-09-30T23:44:35Z	51677704	0.00	9	650.6MiB / 44GiB
2026-09-30T23:44:41Z	51703796	0.00	9	651.3MiB / 44GiB
2026-09-30T23:44:47Z	51732056	0.00	9	651.5MiB / 44GiB
2026-09-30T23:44:53Z	51685224	0.00	9	658.9MiB / 44GiB
2026-09-30T23:44:59Z	51688536	0.00	9	672.2MiB / 44GiB
2026-09-30T23:45:05Z	51685208	0.00	9	653.7MiB / 44GiB
2026-09-30T23:45:11Z	51495736	0.00	9	653.2MiB / 44GiB
2026-09-30T23:45:17Z	51330308	0.00	9	660MiB / 44GiB
2026-09-30T23:45:23Z	50880348	0.00	9	681MiB / 44GiB
2026-09-30T23:45:29Z	50884384	0.00	9	660.6MiB / 44GiB
2026-09-30T23:45:35Z	50831620	0.00	9	690.6MiB / 44GiB
2026-09-30T23:45:41Z	50907100	0.00	9	680.9MiB / 44GiB
2026-09-30T23:45:48Z	50969112	0.00	9	662.8MiB / 44GiB
2026-09-30T23:45:54Z	50929016	0.00	9	692.2MiB / 44GiB
2026-09-30T23:46:01Z	50924288	0.00	9	690.6MiB / 44GiB
2026-09-30T23:46:11Z	50886424	0.00	9	694.6MiB / 44GiB
2026-09-30T23:46:17Z	50888060	0.00	9	692.5MiB / 44GiB
2026-09-30T23:46:24Z	50865160	0.00	9	693.7MiB / 44GiB
2026-09-30T23:46:30Z	50894292	0.00	9	663.8MiB / 44GiB
2026-09-30T23:46:36Z	50911724	0.00	9	695.2MiB / 44GiB
2026-09-30T23:46:42Z	50942652	0.00	9	668.5MiB / 44GiB
2026-09-30T23:46:48Z	51040292	0.00	9	695.8MiB / 44GiB
2026-09-30T23:46:54Z	52055040	0.00	9	666.1MiB / 44GiB
2026-09-30T23:47:01Z	52089040	0.00	9	700.6MiB / 44GiB
2026-09-30T23:47:07Z	51966080	0.00	9	699.1MiB / 44GiB
2026-09-30T23:47:14Z	52067544	0.00	9	645MiB / 44GiB
2026-09-30T23:47:20Z	51970116	0.00	9	652.3MiB / 44GiB
2026-09-30T23:47:26Z	52000424	0.00	9	661.4MiB / 44GiB
2026-09-30T23:47:32Z	51986100	0.00	9	666.1MiB / 44GiB
2026-09-30T23:47:38Z	52000420	0.00	9	668.8MiB / 44GiB
2026-09-30T23:47:44Z	52016644	0.00	9	669.4MiB / 44GiB
2026-09-30T23:47:50Z	52002876	0.00	9	678.9MiB / 44GiB
2026-09-30T23:47:56Z	52033640	0.00	9	646.4MiB / 44GiB
2026-09-30T23:48:02Z	51970872	0.00	9	665.9MiB / 44GiB
2026-09-30T23:48:08Z	51905700	1.59	9	803.8MiB / 44GiB
2026-09-30T23:48:14Z	51861916	0.87	9	908.4MiB / 44GiB
2026-09-30T23:48:20Z	51715584	0.48	9	1.87GiB / 44GiB
2026-09-30T23:48:26Z	51282452	0.26	9	2.258GiB / 44GiB
2026-09-30T23:48:32Z	49878868	0.32	9	4.333GiB / 44GiB
2026-09-30T23:48:38Z	49772108	0.78	9	6.376GiB / 44GiB
2026-09-30T23:48:44Z	49945432	1.54	9	8.218GiB / 44GiB
2026-09-30T23:48:51Z	49999020	1.21	9	8.495GiB / 44GiB
2026-09-30T23:48:57Z	49994348	0.84	9	9.554GiB / 44GiB
2026-09-30T23:49:03Z	49846380	0.46	9	11.06GiB / 44GiB
2026-09-30T23:49:09Z	50321676	0.37	9	10.87GiB / 44GiB
2026-09-30T23:49:15Z	50269216	0.20	9	10.94GiB / 44GiB
2026-09-30T23:49:21Z	50157276	0.11	9	10.98GiB / 44GiB
2026-09-30T23:49:27Z	50149128	0.06	9	11.04GiB / 44GiB
2026-09-30T23:49:33Z	50717748	0.03	9	11.16GiB / 44GiB
2026-09-30T23:49:39Z	50604256	0.01	9	11.25GiB / 44GiB
2026-09-30T23:49:45Z	50608664	0.00	9	11.31GiB / 44GiB
2026-09-30T23:49:51Z	50534916	0.00	9	11.39GiB / 44GiB
2026-09-30T23:49:57Z	50436256	0.00	9	11.47GiB / 44GiB
2026-09-30T23:50:03Z	50408992	0.18	9	11.54GiB / 44GiB
2026-09-30T23:50:09Z	50313472	0.09	9	11.62GiB / 44GiB
2026-09-30T23:50:15Z	50214432	0.05	9	11.76GiB / 44GiB
2026-09-30T23:50:21Z	50192040	0.02	9	12.14GiB / 44GiB
2026-09-30T23:50:28Z	50773764	0.01	9	13.74GiB / 44GiB
2026-09-30T23:50:34Z	49771396	0.12	9	15.23GiB / 44GiB
2026-09-30T23:50:40Z	50104124	0.07	9	15.47GiB / 44GiB
2026-09-30T23:50:46Z	49714992	0.03	9	16.83GiB / 44GiB
2026-09-30T23:50:52Z	48980624	0.20	9	17.49GiB / 44GiB
2026-09-30T23:50:58Z	49672784	0.11	9	18.21GiB / 44GiB
2026-09-30T23:51:04Z	49284116	0.06	9	18.41GiB / 44GiB
2026-09-30T23:51:10Z	49303512	0.03	9	18.47GiB / 44GiB
2026-09-30T23:51:16Z	49338512	0.01	9	18.53GiB / 44GiB
2026-09-30T23:51:22Z	49267336	0.00	9	18.56GiB / 44GiB
2026-09-30T23:51:28Z	49261672	0.00	9	18.62GiB / 44GiB
2026-09-30T23:51:34Z	49160736	0.00	9	18.68GiB / 44GiB
2026-09-30T23:51:40Z	49105504	0.00	9	18.77GiB / 44GiB
2026-09-30T23:51:46Z	48766124	0.00	9	18.84GiB / 44GiB
2026-09-30T23:51:52Z	48629968	0.00	9	18.91GiB / 44GiB
2026-09-30T23:51:58Z	48425812	0.00	9	18.97GiB / 44GiB
2026-09-30T23:52:04Z	48606976	0.00	9	19.02GiB / 44GiB
2026-09-30T23:52:10Z	48321016	0.00	9	19.07GiB / 44GiB
2026-09-30T23:52:16Z	48166180	0.00	9	19.15GiB / 44GiB
2026-09-30T23:52:22Z	48230432	0.00	9	19.15GiB / 44GiB
2026-09-30T23:52:33Z	48252140	0.00	9	19.16GiB / 44GiB
2026-09-30T23:52:39Z	48211252	0.00	9	19.17GiB / 44GiB
2026-09-30T23:52:45Z	48347864	0.00	9	19.18GiB / 44GiB
2026-09-30T23:52:51Z	48300228	0.00	9	19.19GiB / 44GiB
2026-09-30T23:52:57Z	48315840	0.00	9	19.7GiB / 44GiB
2026-09-30T23:53:03Z	48229736	0.00	9	21.06GiB / 44GiB
2026-09-30T23:53:09Z	48123492	0.00	9	21.8GiB / 44GiB
2026-09-30T23:53:15Z	49300880	0.00	9	22.81GiB / 44GiB
2026-09-30T23:53:21Z	49011876	0.00	9	23.43GiB / 44GiB
2026-09-30T23:53:27Z	49064060	0.00	9	24.7GiB / 44GiB
2026-09-30T23:53:33Z	49565060	0.00	9	24.33GiB / 44GiB
2026-09-30T23:53:39Z	49386508	0.00	9	24.48GiB / 44GiB
2026-09-30T23:53:45Z	49211348	0.00	9	24.62GiB / 44GiB
2026-09-30T23:53:52Z	49232576	0.00	9	24.64GiB / 44GiB
2026-09-30T23:53:58Z	49187280	0.00	9	24.69GiB / 44GiB
2026-09-30T23:54:04Z	49148536	0.00	9	24.75GiB / 44GiB
2026-09-30T23:54:10Z	49097992	0.00	9	24.82GiB / 44GiB
2026-09-30T23:54:16Z	49076168	0.00	9	24.9GiB / 44GiB
2026-09-30T23:54:22Z	49065788	0.00	9	24.96GiB / 44GiB
2026-09-30T23:54:28Z	49030636	0.00	9	25.01GiB / 44GiB
2026-09-30T23:54:34Z	49016704	0.00	9	25.01GiB / 44GiB
2026-09-30T23:54:40Z	48942556	0.00	9	25.03GiB / 44GiB
2026-09-30T23:54:46Z	48915136	0.00	9	25.06GiB / 44GiB
2026-09-30T23:54:52Z	48881980	0.00	9	25.1GiB / 44GiB
2026-09-30T23:54:58Z	48829528	0.00	9	25.16GiB / 44GiB
2026-09-30T23:55:04Z	48844160	0.00	9	25.18GiB / 44GiB
2026-09-30T23:55:10Z	48776328	0.00	9	25.2GiB / 44GiB
2026-09-30T23:55:16Z	48734472	0.00	9	25.22GiB / 44GiB
2026-09-30T23:55:22Z	48717508	0.00	9	25.24GiB / 44GiB
2026-09-30T23:55:28Z	48741768	0.00	9	25.26GiB / 44GiB
2026-09-30T23:55:34Z	48696716	0.00	9	25.28GiB / 44GiB
2026-09-30T23:55:40Z	48728964	0.00	9	25.29GiB / 44GiB
2026-09-30T23:55:47Z	48646280	0.00	9	25.33GiB / 44GiB
2026-09-30T23:55:53Z	48557068	0.00	9	25.35GiB / 44GiB
2026-09-30T23:55:59Z	48092452	0.00	9	25.35GiB / 44GiB
2026-09-30T23:56:05Z	47704156	0.00	9	25.39GiB / 44GiB
2026-09-30T23:56:11Z	48194048	0.00	9	25.91GiB / 44GiB
2026-09-30T23:56:17Z	48037784	0.00	9	27.49GiB / 44GiB
2026-09-30T23:56:23Z	47882784	0.00	9	1.775GiB / 44GiB
2026-09-30T23:56:29Z	49027928	0.84	9	2.429GiB / 44GiB
2026-09-30T23:56:35Z	48940664	0.58	9	3.706GiB / 44GiB
2026-09-30T23:56:41Z	49165708	0.68	9	3.557GiB / 44GiB
2026-09-30T23:56:47Z	49199116	0.37	9	3.985GiB / 44GiB
2026-09-30T23:56:53Z	49059692	0.20	9	4.178GiB / 44GiB
2026-09-30T23:56:59Z	48950248	0.11	9	4.339GiB / 44GiB
2026-09-30T23:57:05Z	48979676	0.06	9	4.371GiB / 44GiB
2026-09-30T23:57:11Z	49048540	0.03	9	4.389GiB / 44GiB
2026-09-30T23:57:17Z	49118404	0.01	9	4.437GiB / 44GiB
2026-09-30T23:57:23Z	49051264	0.00	9	4.479GiB / 44GiB
2026-09-30T23:57:29Z	49032076	0.00	9	4.508GiB / 44GiB
2026-09-30T23:57:36Z	49030152	0.00	9	4.537GiB / 44GiB
2026-09-30T23:57:42Z	49039300	0.00	9	4.561GiB / 44GiB
2026-09-30T23:57:48Z	49031184	0.00	9	4.59GiB / 44GiB
2026-09-30T23:57:54Z	48961032	0.00	9	4.624GiB / 44GiB
2026-09-30T23:58:01Z	48879352	0.00	9	4.658GiB / 44GiB
2026-09-30T23:58:07Z	48872632	0.00	9	4.674GiB / 44GiB
2026-09-30T23:58:13Z	48834884	0.00	9	4.684GiB / 44GiB
2026-09-30T23:58:19Z	48876968	0.00	9	4.706GiB / 44GiB
2026-09-30T23:58:25Z	48812976	0.60	9	4.732GiB / 44GiB
2026-09-30T23:58:31Z	48817444	0.33	9	4.776GiB / 44GiB
2026-09-30T23:58:37Z	48701132	0.18	9	4.805GiB / 44GiB
2026-09-30T23:58:43Z	48775792	0.09	9	4.83GiB / 44GiB
2026-09-30T23:58:49Z	48772376	0.05	9	4.841GiB / 44GiB
2026-09-30T23:58:56Z	48750380	0.02	9	4.853GiB / 44GiB
2026-09-30T23:59:02Z	48744968	0.01	9	4.872GiB / 44GiB
2026-09-30T23:59:08Z	48738368	0.18	9	4.895GiB / 44GiB
2026-09-30T23:59:14Z	48774512	0.10	9	4.924GiB / 44GiB
2026-09-30T23:59:20Z	49897600	0.05	9	4.934GiB / 44GiB
2026-09-30T23:59:26Z	49943828	0.03	9	4.938GiB / 44GiB
2026-09-30T23:59:32Z	50028496	0.01	9	4.958GiB / 44GiB
2026-09-30T23:59:38Z	49967268	0.00	9	4.972GiB / 44GiB
2026-09-30T23:59:44Z	49871504	0.00	9	4.991GiB / 44GiB
2026-09-30T23:59:50Z	49854060	0.00	9	5.125GiB / 44GiB
2026-09-30T23:59:56Z	50260932	0.00	9	4.626GiB / 44GiB
2026-10-01T00:00:02Z	50429952	0.00	9	4.677GiB / 44GiB
2026-10-01T00:00:09Z	50400128	0.00	9	4.739GiB / 44GiB
2026-10-01T00:00:15Z	50149776	0.00	9	4.802GiB / 44GiB
2026-10-01T00:00:21Z	50112008	0.00	9	4.865GiB / 44GiB
2026-10-01T00:00:27Z	49975856	0.90	9	4.936GiB / 44GiB
2026-10-01T00:00:33Z	49956736	4.61	9	4.97GiB / 44GiB
2026-10-01T00:00:39Z	49699968	3.16	9	5.451GiB / 44GiB
2026-10-01T00:00:45Z	49237992	1.73	9	6.022GiB / 44GiB
2026-10-01T00:00:51Z	49019944	1.61	9	7.248GiB / 44GiB
2026-10-01T00:00:57Z	49163292	1.03	9	8.665GiB / 44GiB
2026-10-01T00:01:03Z	48798704	1.31	9	9.004GiB / 44GiB
2026-10-01T00:01:09Z	50495776	0.71	9	8.141GiB / 44GiB
2026-10-01T00:01:15Z	50588620	0.39	9	8.141GiB / 44GiB
2026-10-01T00:01:21Z	50607804	0.21	9	8.14GiB / 44GiB
2026-10-01T00:01:27Z	50311312	0.11	9	8.141GiB / 44GiB
2026-10-01T00:01:33Z	50053968	0.06	9	8.141GiB / 44GiB
2026-10-01T00:01:39Z	49564464	0.03	9	8.141GiB / 44GiB
2026-10-01T00:01:45Z	49561700	0.01	9	8.141GiB / 44GiB
2026-10-01T00:01:51Z	49316532	0.00	9	8.164GiB / 44GiB
2026-10-01T00:01:57Z	50311128	0.00	9	8.143GiB / 44GiB
2026-10-01T00:02:04Z	50290308	0.00	9	8.156GiB / 44GiB
2026-10-01T00:02:10Z	50904420	0.00	9	8.16GiB / 44GiB
2026-10-01T00:02:16Z	50706096	0.00	9	8.163GiB / 44GiB
2026-10-01T00:02:22Z	50412124	0.00	9	8.167GiB / 44GiB
2026-10-01T00:02:28Z	50484444	0.00	9	8.168GiB / 44GiB
2026-10-01T00:02:34Z	50624020	0.00	9	8.172GiB / 44GiB
2026-10-01T00:02:40Z	50565588	0.00	9	8.21GiB / 44GiB
2026-10-01T00:02:46Z	50634404	0.00	9	8.23GiB / 44GiB
2026-10-01T00:02:52Z	50469196	0.00	9	8.184GiB / 44GiB
2026-10-01T00:02:58Z	50463660	0.00	9	8.188GiB / 44GiB
2026-10-01T00:03:04Z	50445404	0.00	9	8.191GiB / 44GiB
2026-10-01T00:03:10Z	50492052	1.40	9	8.194GiB / 44GiB
2026-10-01T00:03:16Z	50537876	0.76	9	8.196GiB / 44GiB
2026-10-01T00:03:22Z	50546732	0.42	9	8.229GiB / 44GiB
2026-10-01T00:03:28Z	50620732	0.23	9	8.229GiB / 44GiB
2026-10-01T00:03:34Z	50517720	0.12	9	8.249GiB / 44GiB
2026-10-01T00:03:40Z	50474396	0.06	9	8.282GiB / 44GiB
2026-10-01T00:03:46Z	50498584	0.03	9	8.225GiB / 44GiB
2026-10-01T00:03:52Z	50488252	0.01	9	8.228GiB / 44GiB
2026-10-01T00:03:58Z	50502500	0.01	9	8.232GiB / 44GiB
2026-10-01T00:04:05Z	50703748	0.00	9	8.235GiB / 44GiB
2026-10-01T00:04:11Z	50623844	2.64	9	8.238GiB / 44GiB
2026-10-01T00:04:17Z	50599468	2.42	9	8.242GiB / 44GiB
2026-10-01T00:04:23Z	50561884	4.46	9	8.245GiB / 44GiB
2026-10-01T00:04:29Z	50594740	2.63	9	8.249GiB / 44GiB
2026-10-01T00:04:35Z	50429716	1.74	9	8.26GiB / 44GiB
2026-10-01T00:04:41Z	50567132	1.40	9	8.258GiB / 44GiB
2026-10-01T00:04:49Z	50406968	1.21	9	8.32GiB / 44GiB
2026-10-01T00:04:59Z	50498596	0.36	9	8.268GiB / 44GiB
2026-10-01T00:05:05Z	51433604	0.20	9	8.264GiB / 44GiB
2026-10-01T00:05:11Z	51579516	0.29	9	8.268GiB / 44GiB
2026-10-01T00:05:18Z	51700160	0.15	9	8.287GiB / 44GiB
2026-10-01T00:05:24Z	51566472	0.08	9	8.275GiB / 44GiB
2026-10-01T00:05:30Z	51529836	1.46	9	8.278GiB / 44GiB
2026-10-01T00:05:36Z	51667008	1.89	9	8.281GiB / 44GiB
2026-10-01T00:05:42Z	51640440	1.40	9	8.285GiB / 44GiB
2026-10-01T00:05:48Z	51476096	0.77	9	8.288GiB / 44GiB
2026-10-01T00:05:54Z	51029876	0.42	9	8.328GiB / 44GiB
2026-10-01T00:06:00Z	50830576	0.23	9	8.358GiB / 44GiB
2026-10-01T00:06:06Z	50810892	0.12	9	8.356GiB / 44GiB
2026-10-01T00:06:12Z	50819160	0.06	9	8.301GiB / 44GiB
2026-10-01T00:06:19Z	50918068	0.03	9	8.301GiB / 44GiB
2026-10-01T00:06:25Z	50907620	0.01	9	8.302GiB / 44GiB
2026-10-01T00:06:31Z	50871532	0.01	9	8.302GiB / 44GiB
2026-10-01T00:06:37Z	50923672	0.00	9	8.275GiB / 44GiB
2026-10-01T00:06:43Z	50840368	0.00	9	8.314GiB / 44GiB
2026-10-01T00:06:49Z	50755560	0.00	9	8.374GiB / 44GiB
2026-10-01T00:06:55Z	50443716	0.00	9	8.414GiB / 44GiB
2026-10-01T00:07:01Z	50376384	0.00	9	8.466GiB / 44GiB
2026-10-01T00:07:07Z	50361532	0.00	9	8.516GiB / 44GiB
2026-10-01T00:07:13Z	50317768	0.00	9	8.563GiB / 44GiB
2026-10-01T00:07:19Z	50318156	0.00	9	8.604GiB / 44GiB
2026-10-01T00:07:25Z	50851964	0.00	9	8.922GiB / 44GiB
2026-10-01T00:07:31Z	50557312	0.12	9	8.958GiB / 44GiB
2026-10-01T00:07:37Z	49890776	0.06	9	8.995GiB / 44GiB
2026-10-01T00:07:43Z	49912040	0.03	9	9.009GiB / 44GiB
2026-10-01T00:07:49Z	49786956	0.01	9	9.059GiB / 44GiB
2026-10-01T00:07:55Z	49666484	0.00	9	9.111GiB / 44GiB
2026-10-01T00:08:01Z	49638292	0.00	9	9.151GiB / 44GiB
2026-10-01T00:08:07Z	49606460	0.00	9	9.188GiB / 44GiB
2026-10-01T00:08:14Z	49583496	0.00	9	9.227GiB / 44GiB
2026-10-01T00:08:20Z	49511300	0.00	9	9.242GiB / 44GiB
2026-10-01T00:08:26Z	49498604	0.00	9	9.292GiB / 44GiB
2026-10-01T00:08:32Z	49403976	0.00	9	9.332GiB / 44GiB
2026-10-01T00:08:38Z	49366016	0.00	9	9.381GiB / 44GiB
2026-10-01T00:08:44Z	49389468	0.00	9	9.439GiB / 44GiB
2026-10-01T00:08:50Z	48652568	3.49	9	8.32GiB / 44GiB
2026-10-01T00:08:56Z	49200732	3.12	322	9.21GiB / 44GiB
2026-10-01T00:09:02Z	49270960	2.25	1790	9.384GiB / 44GiB
2026-10-01T00:09:08Z	49078312	2.08	1790	9.578GiB / 44GiB
2026-10-01T00:09:14Z	48607468	1.63	4132	13GiB / 44GiB
2026-10-01T00:09:20Z	47723352	1.01	23280	14.6GiB / 44GiB
2026-10-01T00:09:26Z	47697000	0.55	23280	16.05GiB / 44GiB
2026-10-01T00:09:32Z	47708840	0.30	23280	16.13GiB / 44GiB
2026-10-01T00:09:38Z	47693908	0.16	23280	16.25GiB / 44GiB
2026-10-01T00:09:44Z	47693284	1.35	23280	16.28GiB / 44GiB
2026-10-01T00:09:50Z	46965572	1.23	23280	18.17GiB / 44GiB
2026-10-01T00:09:57Z	46958292	0.55	23280	20.52GiB / 44GiB
2026-10-01T00:10:03Z	46888588	0.30	23280	23.02GiB / 44GiB
2026-10-01T00:10:09Z	46888492	0.16	23280	25.64GiB / 44GiB
2026-10-01T00:10:15Z	46881872	0.09	23280	27.79GiB / 44GiB
2026-10-01T00:10:21Z	46919420	0.04	23280	29.48GiB / 44GiB
2026-10-01T00:10:27Z	46941728	0.02	23280	31.18GiB / 44GiB
2026-10-01T00:10:34Z	46462396	0.01	23280	33.44GiB / 44GiB
2026-10-01T00:10:40Z	44936572	0.00	23644	33.82GiB / 44GiB
2026-10-01T00:10:46Z	44755968	0.00	23644	33.82GiB / 44GiB
2026-10-01T00:10:52Z	44652804	0.00	23644	33.81GiB / 44GiB
2026-10-01T00:10:58Z	45689644	0.00	23644	33.81GiB / 44GiB
2026-10-01T00:11:04Z	45721340	0.00	23644	33.81GiB / 44GiB
2026-10-01T00:11:10Z	45747816	0.00	23644	33.81GiB / 44GiB
2026-10-01T00:11:16Z	45806492	0.00	23644	33.81GiB / 44GiB
2026-10-01T00:11:22Z	45779964	0.00	23644	33.81GiB / 44GiB
2026-10-01T00:11:28Z	45760612	0.00	23644	33.81GiB / 44GiB
2026-10-01T00:11:34Z	45770164	0.00	23644	33.81GiB / 44GiB
2026-10-01T00:11:40Z	45814744	0.00	23644	33.81GiB / 44GiB
2026-10-01T00:11:46Z	45807352	0.00	23644	34.22GiB / 44GiB
2026-10-01T00:11:52Z	45833376	0.00	23644	4.074GiB / 44GiB
2026-10-01T00:11:58Z	45857876	0.00	23644	4.072GiB / 44GiB
2026-10-01T00:12:04Z	45810252	0.00	23644	4.07GiB / 44GiB
2026-10-01T00:12:10Z	45846296	0.00	23644	4.068GiB / 44GiB
2026-10-01T00:12:16Z	45848640	0.00	23644	4.067GiB / 44GiB
2026-10-01T00:12:22Z	45828800	0.00	23644	4.065GiB / 44GiB
2026-10-01T00:12:29Z	45916980	0.14	23644	4.064GiB / 44GiB
2026-10-01T00:12:35Z	45914328	0.08	23644	4.062GiB / 44GiB
2026-10-01T00:12:41Z	45952100	0.04	23644	4.061GiB / 44GiB
2026-10-01T00:12:47Z	45958784	0.02	23644	4.057GiB / 44GiB
2026-10-01T00:12:53Z	45982384	0.01	23644	4.055GiB / 44GiB
2026-10-01T00:12:59Z	45982772	0.00	23644	4.052GiB / 44GiB
2026-10-01T00:13:05Z	45976384	0.00	23644	4.049GiB / 44GiB
2026-10-01T00:13:11Z	45997452	0.00	23644	4.046GiB / 44GiB
2026-10-01T00:13:17Z	46056032	0.00	23644	4.046GiB / 44GiB
2026-10-01T00:13:23Z	46048224	0.00	23644	4.043GiB / 44GiB
2026-10-01T00:13:29Z	46072944	0.00	23644	4.04GiB / 44GiB
2026-10-01T00:13:35Z	46023816	0.00	23644	4.038GiB / 44GiB
2026-10-01T00:13:41Z	46073460	0.00	23644	4.035GiB / 44GiB
2026-10-01T00:13:47Z	46087336	0.00	23644	4.032GiB / 44GiB
2026-10-01T00:13:53Z	46053764	0.00	23644	4.029GiB / 44GiB
2026-10-01T00:13:59Z	46008300	0.00	23644	4.028GiB / 44GiB
2026-10-01T00:14:05Z	46024376	0.00	23644	4.028GiB / 44GiB
2026-10-01T00:14:11Z	46056764	0.00	23644	4.028GiB / 44GiB
2026-10-01T00:14:19Z	46058972	0.00	23644	4.028GiB / 44GiB
2026-10-01T00:14:25Z	46056688	0.00	23644	4.028GiB / 44GiB
2026-10-01T00:14:31Z	46023560	0.00	23644	4.028GiB / 44GiB
2026-10-01T00:14:37Z	46046672	0.00	23644	4.028GiB / 44GiB
2026-10-01T00:14:43Z	46066216	0.00	23644	4.028GiB / 44GiB
2026-10-01T00:14:49Z	46071900	0.00	23644	4.028GiB / 44GiB
2026-10-01T00:14:55Z	46064348	0.00	23644	4.028GiB / 44GiB
2026-10-01T00:15:01Z	46086408	0.00	23644	4.028GiB / 44GiB
2026-10-01T00:15:07Z	46061824	0.00	23644	4.028GiB / 44GiB
2026-10-01T00:15:13Z	46086412	0.00	23644	4.028GiB / 44GiB
2026-10-01T00:15:19Z	46078140	0.00	23644	4.028GiB / 44GiB
2026-10-01T00:15:25Z	46087884	0.00	23644	4.028GiB / 44GiB
2026-10-01T00:15:31Z	46080192	0.00	23644	4.028GiB / 44GiB
2026-10-01T00:15:37Z	46046180	0.00	23644	4.028GiB / 44GiB
2026-10-01T00:15:43Z	46083224	0.00	23644	4.029GiB / 44GiB
2026-10-01T00:15:50Z	46072556	0.00	23644	4.028GiB / 44GiB
2026-10-01T00:15:56Z	46112984	0.00	23644	4.028GiB / 44GiB
2026-10-01T00:16:02Z	46108148	0.00	23644	4.028GiB / 44GiB
2026-10-01T00:16:08Z	46145304	0.00	23644	4.028GiB / 44GiB
2026-10-01T00:16:14Z	46123316	0.00	23644	4.029GiB / 44GiB
2026-10-01T00:16:20Z	46109472	0.00	23644	4.028GiB / 44GiB
2026-10-01T00:16:26Z	46168908	0.00	23644	4.028GiB / 44GiB
2026-10-01T00:16:32Z	46109752	0.00	23644	4.028GiB / 44GiB
2026-10-01T00:16:38Z	46104408	0.00	23644	4.028GiB / 44GiB
2026-10-01T00:16:44Z	46105748	0.00	23644	4.028GiB / 44GiB
2026-10-01T00:16:50Z	46077684	0.00	23644	4.028GiB / 44GiB
2026-10-01T00:16:56Z	46092572	0.00	23644	4.028GiB / 44GiB
2026-10-01T00:17:02Z	46039964	0.00	23644	4.028GiB / 44GiB
2026-10-01T00:17:08Z	46056480	0.00	23644	4.028GiB / 44GiB
2026-10-01T00:17:15Z	46080740	0.00	23644	4.028GiB / 44GiB
2026-10-01T00:17:21Z	46010188	0.00	23644	4.028GiB / 44GiB
2026-10-01T00:17:27Z	46033140	0.00	23644	4.028GiB / 44GiB
2026-10-01T00:17:33Z	46317652	0.00	23644	4.028GiB / 44GiB
2026-10-01T00:17:39Z	45590928	0.00	23644	4.028GiB / 44GiB
2026-10-01T00:17:45Z	45457396	0.00	23644	4.028GiB / 44GiB
2026-10-01T00:17:51Z	45558620	0.00	23644	4.028GiB / 44GiB
2026-10-01T00:17:58Z	45603812	0.00	23644	4.028GiB / 44GiB
2026-10-01T00:18:04Z	45421920	0.00	23644	4.028GiB / 44GiB
2026-10-01T00:18:10Z	45447640	0.00	23644	4.028GiB / 44GiB
2026-10-01T00:18:16Z	45585864	0.00	23644	4.028GiB / 44GiB
2026-10-01T00:18:22Z	45625640	0.00	23644	4.028GiB / 44GiB
2026-10-01T00:18:28Z	45778296	0.00	23644	4.028GiB / 44GiB
2026-10-01T00:18:34Z	45984932	0.00	23644	4.028GiB / 44GiB
2026-10-01T00:18:40Z	46125092	0.00	23662	5.288GiB / 44GiB
2026-10-01T00:18:46Z	45903372	0.00	23760	6.915GiB / 44GiB
2026-10-01T00:18:52Z	45741648	0.00	23760	8.586GiB / 44GiB
2026-10-01T00:18:58Z	45910880	0.00	23766	10.44GiB / 44GiB
2026-10-01T00:19:04Z	45804556	2.88	23772	10.84GiB / 44GiB
2026-10-01T00:19:11Z	45910424	7.69	23772	10.89GiB / 44GiB
abort	2026-10-01T00:19:11Z	available_kib=45910424	pressure_avg10=7.69
