2026-09-30T11:17:31Z	46237112	2.08	274	2.961GiB / 32GiB
2026-09-30T11:17:37Z	46336196	1.14	274	3.968GiB / 32GiB
2026-09-30T11:17:43Z	46444176	0.62	274	5.083GiB / 32GiB
2026-09-30T11:17:49Z	46326012	0.34	274	6.147GiB / 32GiB
2026-09-30T11:17:55Z	46469716	0.18	274	7.146GiB / 32GiB
2026-09-30T11:18:01Z	46539180	0.25	274	8.267GiB / 32GiB
2026-09-30T11:18:07Z	46363876	0.44	274	9.33GiB / 32GiB
2026-09-30T11:18:13Z	45998556	0.24	274	7.776GiB / 32GiB
2026-09-30T11:18:19Z	46286184	0.13	274	8.83GiB / 32GiB
2026-09-30T11:18:25Z	46487636	0.07	274	9.922GiB / 32GiB
2026-09-30T11:18:31Z	46514972	0.03	14446	10.7GiB / 32GiB
2026-09-30T11:18:37Z	45781568	0.02	20440	10.94GiB / 32GiB
2026-09-30T11:18:43Z	46198392	0.01	20440	10.94GiB / 32GiB
2026-09-30T11:18:49Z	46237180	0.00	20440	10.94GiB / 32GiB
2026-09-30T11:18:55Z	45546908	0.00	20450	12.02GiB / 32GiB
2026-09-30T11:19:01Z	44381512	0.00	20452	12.65GiB / 32GiB
2026-09-30T11:19:07Z	44312340	0.00	20452	12.65GiB / 32GiB
2026-09-30T11:19:13Z	44279244	0.00	20452	12.65GiB / 32GiB
2026-09-30T11:19:19Z	44406108	0.00	20452	12.65GiB / 32GiB
2026-09-30T11:19:25Z	44336568	0.00	20452	12.65GiB / 32GiB
2026-09-30T11:19:31Z	44363436	0.00	20452	12.65GiB / 32GiB
2026-09-30T11:19:38Z	44371208	0.00	20452	12.65GiB / 32GiB
2026-09-30T11:19:44Z	44374424	0.00	20452	12.65GiB / 32GiB
2026-09-30T11:19:50Z	44372244	0.00	20452	12.65GiB / 32GiB
2026-09-30T11:19:56Z	44344420	0.00	20452	12.65GiB / 32GiB
2026-09-30T11:20:02Z	44362652	0.00	20452	12.65GiB / 32GiB
2026-09-30T11:20:08Z	44360596	0.00	20452	12.65GiB / 32GiB
2026-09-30T11:20:14Z	44379860	0.00	20452	12.65GiB / 32GiB
2026-09-30T11:20:20Z	44412512	0.00	20452	12.65GiB / 32GiB
2026-09-30T11:20:26Z	44361388	0.00	20452	12.65GiB / 32GiB
2026-09-30T11:20:32Z	44411748	0.00	20452	12.65GiB / 32GiB
2026-09-30T11:20:38Z	44416508	0.00	20452	12.65GiB / 32GiB
2026-09-30T11:20:44Z	44395340	0.00	20452	12.65GiB / 32GiB
2026-09-30T11:20:50Z	44366468	0.00	20452	12.65GiB / 32GiB
2026-09-30T11:20:56Z	44398192	0.00	20452	12.65GiB / 32GiB
2026-09-30T11:21:02Z	44384072	0.00	20452	12.65GiB / 32GiB
2026-09-30T11:21:08Z	44370148	0.00	20452	12.65GiB / 32GiB
2026-09-30T11:21:14Z	44382064	0.00	20452	12.65GiB / 32GiB
2026-09-30T11:21:20Z	44083156	0.00	20452	12.96GiB / 32GiB
2026-09-30T11:21:26Z	39922316	0.36	20452	17.13GiB / 32GiB
2026-09-30T11:21:32Z	39835952	0.19	20452	17.13GiB / 32GiB
2026-09-30T11:21:38Z	39874044	0.10	20452	17.13GiB / 32GiB
2026-09-30T11:21:44Z	39888832	0.05	20452	17.13GiB / 32GiB
2026-09-30T11:21:51Z	39454072	0.03	20452	17.61GiB / 32GiB
2026-09-30T11:21:57Z	39450792	0.01	20452	17.78GiB / 32GiB
2026-09-30T11:22:03Z	38845252	0.00	20452	17.93GiB / 32GiB
2026-09-30T11:22:09Z	38974428	0.00	20452	17.93GiB / 32GiB
2026-09-30T11:22:15Z	38999496	0.00	20452	17.93GiB / 32GiB
2026-09-30T11:22:21Z	39085000	0.00	20452	17.93GiB / 32GiB
2026-09-30T11:22:27Z	39092076	0.00	20452	17.93GiB / 32GiB
2026-09-30T11:22:33Z	39053664	0.00	20452	17.93GiB / 32GiB
2026-09-30T11:22:39Z	39074952	0.00	20452	17.93GiB / 32GiB
2026-09-30T11:22:45Z	39074792	0.00	20452	17.93GiB / 32GiB
2026-09-30T11:22:51Z	39106528	0.00	20452	17.93GiB / 32GiB
2026-09-30T11:22:57Z	39125908	0.00	20452	17.93GiB / 32GiB
2026-09-30T11:23:03Z	39102544	0.00	20452	17.93GiB / 32GiB
2026-09-30T11:23:09Z	39095692	0.00	20452	17.93GiB / 32GiB
2026-09-30T11:23:15Z	39106828	0.00	20452	17.93GiB / 32GiB
2026-09-30T11:23:21Z	39079440	0.00	20452	17.93GiB / 32GiB
2026-09-30T11:23:27Z	39112340	0.00	20452	17.93GiB / 32GiB
2026-09-30T11:23:33Z	39101156	0.00	20452	17.93GiB / 32GiB
2026-09-30T11:23:39Z	39068760	0.00	20452	17.93GiB / 32GiB
2026-09-30T11:23:45Z	39057028	0.00	20452	17.93GiB / 32GiB
2026-09-30T11:23:51Z	39088748	0.00	20452	17.93GiB / 32GiB
2026-09-30T11:23:57Z	39065580	0.00	20452	17.93GiB / 32GiB
2026-09-30T11:24:04Z	39099432	0.00	20452	17.93GiB / 32GiB
2026-09-30T11:24:10Z	39152020	0.00	20452	17.93GiB / 32GiB
2026-09-30T11:24:16Z	39038992	0.00	20452	18.08GiB / 32GiB
2026-09-30T11:24:22Z	40405120	0.00	20452	17.05GiB / 32GiB
2026-09-30T11:24:28Z	39732760	0.00	20452	17.05GiB / 32GiB
2026-09-30T11:24:34Z	39135116	0.00	20452	18.03GiB / 32GiB
2026-09-30T11:24:40Z	38571132	0.00	20452	18.32GiB / 32GiB
2026-09-30T11:24:46Z	38622508	0.00	20452	18.32GiB / 32GiB
2026-09-30T11:24:52Z	38661156	0.00	20452	18.32GiB / 32GiB
2026-09-30T11:24:58Z	38659084	0.00	20452	18.32GiB / 32GiB
2026-09-30T11:25:04Z	38080260	0.00	20452	18.8GiB / 32GiB
2026-09-30T11:25:10Z	38141076	0.00	20452	18.8GiB / 32GiB
2026-09-30T11:25:16Z	37706236	0.00	20452	18.92GiB / 32GiB
2026-09-30T11:25:22Z	42698144	0.00	20454	14.59GiB / 32GiB
2026-09-30T11:25:28Z	41687800	0.00	20454	15.5GiB / 32GiB
2026-09-30T11:25:34Z	41669384	0.00	20454	15.5GiB / 32GiB
2026-09-30T11:25:40Z	42320660	0.00	20454	15.5GiB / 32GiB
2026-09-30T11:25:46Z	41908664	0.00	20454	15.51GiB / 32GiB
2026-09-30T11:25:52Z	40916516	0.00	20454	16.28GiB / 32GiB
2026-09-30T11:25:58Z	40426724	0.00	20454	16.62GiB / 32GiB
2026-09-30T11:26:04Z	40504292	0.00	20454	16.62GiB / 32GiB
2026-09-30T11:26:11Z	40534008	0.00	20454	16.62GiB / 32GiB
2026-09-30T11:26:17Z	40546668	0.00	20454	16.63GiB / 32GiB
2026-09-30T11:26:23Z	39956748	0.00	20454	17.1GiB / 32GiB
2026-09-30T11:26:29Z	39952380	0.00	20454	17.1GiB / 32GiB
2026-09-30T11:26:35Z	39540636	0.00	20454	17.86GiB / 32GiB
2026-09-30T11:26:41Z	39157424	0.00	20454	17.86GiB / 32GiB
2026-09-30T11:26:47Z	38987672	0.00	20454	18.15GiB / 32GiB
2026-09-30T11:26:53Z	38955052	0.00	20454	18.15GiB / 32GiB
2026-09-30T11:26:59Z	38570376	0.00	20454	18.54GiB / 32GiB
2026-09-30T11:27:05Z	38068352	0.00	20454	19GiB / 32GiB
2026-09-30T11:27:11Z	38296144	0.00	20454	18.83GiB / 32GiB
2026-09-30T11:27:17Z	37973660	0.00	20454	18.98GiB / 32GiB
2026-09-30T11:27:23Z	38025300	0.00	20454	18.98GiB / 32GiB
2026-09-30T11:27:29Z	38075780	0.00	20454	18.98GiB / 32GiB
2026-09-30T11:27:35Z	38079356	0.00	20454	18.98GiB / 32GiB
2026-09-30T11:27:41Z	37599184	0.00	20454	19.27GiB / 32GiB
2026-09-30T11:27:47Z	37707472	0.00	20454	19.27GiB / 32GiB
2026-09-30T11:27:53Z	37688216	0.00	20454	19.27GiB / 32GiB
2026-09-30T11:27:59Z	37688312	0.00	20454	19.27GiB / 32GiB
2026-09-30T11:28:05Z	37798296	0.00	20454	19.27GiB / 32GiB
2026-09-30T11:28:11Z	37822224	0.00	20454	19.27GiB / 32GiB
2026-09-30T11:28:17Z	37590000	0.00	20454	18.85GiB / 32GiB
2026-09-30T11:28:24Z	37500856	0.00	20454	19.31GiB / 32GiB
2026-09-30T11:28:30Z	37538080	0.00	20454	19.31GiB / 32GiB
