2026-10-01T00:49:25Z	50755572	0.00	20440	15.35GiB / 32GiB
2026-10-01T00:49:31Z	50762348	0.00	20440	15.35GiB / 32GiB
2026-10-01T00:49:37Z	50767904	0.00	20440	15.35GiB / 32GiB
2026-10-01T00:49:43Z	49923972	0.00	20450	16.73GiB / 32GiB
2026-10-01T00:49:49Z	48633180	0.00	20452	17.06GiB / 32GiB
2026-10-01T00:49:55Z	48677564	0.00	20452	17.06GiB / 32GiB
2026-10-01T00:50:01Z	48803556	0.00	20452	17.06GiB / 32GiB
2026-10-01T00:50:07Z	48809776	0.00	20452	17.06GiB / 32GiB
2026-10-01T00:50:13Z	48887464	0.00	20452	17.06GiB / 32GiB
2026-10-01T00:50:19Z	48936500	0.00	20452	17.06GiB / 32GiB
2026-10-01T00:50:25Z	48977820	0.00	20452	17.06GiB / 32GiB
2026-10-01T00:50:31Z	48988212	0.00	20452	17.06GiB / 32GiB
2026-10-01T00:50:37Z	48970284	0.00	20452	17.06GiB / 32GiB
2026-10-01T00:50:44Z	49036400	0.00	20452	17.06GiB / 32GiB
