2026-10-01T01:13:32Z	50642572	0.00	20440	477.1MiB / 32GiB
2026-10-01T01:13:38Z	50627328	0.00	20440	477.1MiB / 32GiB
2026-10-01T01:13:44Z	50671736	0.00	20440	499.1MiB / 32GiB
2026-10-01T01:13:50Z	49197060	0.00	20452	2.168GiB / 32GiB
2026-10-01T01:13:56Z	48599532	0.00	20452	2.167GiB / 32GiB
2026-10-01T01:14:02Z	48659112	0.00	20452	2.167GiB / 32GiB
2026-10-01T01:14:08Z	48730812	0.00	20452	2.167GiB / 32GiB
2026-10-01T01:14:15Z	48825652	0.00	20452	2.167GiB / 32GiB
2026-10-01T01:14:21Z	48862472	0.00	20452	2.168GiB / 32GiB
2026-10-01T01:14:27Z	48864996	0.00	20452	2.167GiB / 32GiB
2026-10-01T01:14:33Z	48866960	0.00	20452	2.167GiB / 32GiB
2026-10-01T01:14:39Z	48864044	0.00	20452	2.167GiB / 32GiB
2026-10-01T01:14:45Z	48897476	0.00	20452	2.167GiB / 32GiB
2026-10-01T01:14:51Z	48851304	0.00	20452	2.167GiB / 32GiB
2026-10-01T01:14:57Z	48830944	0.00	20452	2.167GiB / 32GiB
2026-10-01T01:15:03Z	48840028	0.00	20452	2.167GiB / 32GiB
2026-10-01T01:15:09Z	48841652	0.00	20452	2.167GiB / 32GiB
2026-10-01T01:15:15Z	48844476	0.00	20452	2.167GiB / 32GiB
2026-10-01T01:15:21Z	48853904	0.00	20452	2.167GiB / 32GiB
2026-10-01T01:15:27Z	48834788	0.00	20452	2.167GiB / 32GiB
2026-10-01T01:15:33Z	48836808	0.00	20452	2.167GiB / 32GiB
2026-10-01T01:15:39Z	48798076	0.00	20452	2.167GiB / 32GiB
2026-10-01T01:15:45Z	48845280	0.00	20452	2.167GiB / 32GiB
2026-10-01T01:15:51Z	48859400	0.00	20452	2.167GiB / 32GiB
2026-10-01T01:15:57Z	48838400	0.00	20452	2.167GiB / 32GiB
2026-10-01T01:16:03Z	48864032	0.00	20452	2.167GiB / 32GiB
2026-10-01T01:16:10Z	48843300	0.00	20452	2.167GiB / 32GiB
2026-10-01T01:16:16Z	48857432	0.00	20452	2.168GiB / 32GiB
2026-10-01T01:16:22Z	48857168	0.00	20452	2.168GiB / 32GiB
2026-10-01T01:16:28Z	48857524	0.00	20452	2.168GiB / 32GiB
2026-10-01T01:16:34Z	48837684	0.00	20452	2.168GiB / 32GiB
2026-10-01T01:16:40Z	48531632	0.00	20452	2.471GiB / 32GiB
2026-10-01T01:16:46Z	45843560	0.00	20452	6.503GiB / 32GiB
2026-10-01T01:16:52Z	44138568	0.00	20452	6.649GiB / 32GiB
2026-10-01T01:16:58Z	44138420	0.00	20452	6.649GiB / 32GiB
2026-10-01T01:17:04Z	44122536	0.00	20452	7.116GiB / 32GiB
2026-10-01T01:17:10Z	43622328	0.00	20452	7.116GiB / 32GiB
2026-10-01T01:17:16Z	43683056	0.00	20452	7.571GiB / 32GiB
2026-10-01T01:17:22Z	43079520	0.00	20452	7.442GiB / 32GiB
2026-10-01T01:17:28Z	43099664	0.00	20452	7.442GiB / 32GiB
2026-10-01T01:17:34Z	43171944	0.00	20452	7.442GiB / 32GiB
2026-10-01T01:17:40Z	43910748	0.00	20452	7.442GiB / 32GiB
2026-10-01T01:17:46Z	43555672	0.00	20452	7.442GiB / 32GiB
2026-10-01T01:17:52Z	43033948	0.00	20452	7.442GiB / 32GiB
2026-10-01T01:17:58Z	43066584	0.00	20452	7.442GiB / 32GiB
2026-10-01T01:18:04Z	43075768	0.00	20452	7.442GiB / 32GiB
2026-10-01T01:18:10Z	43062900	0.00	20452	7.442GiB / 32GiB
2026-10-01T01:18:17Z	43085428	0.00	20452	7.442GiB / 32GiB
2026-10-01T01:18:23Z	42999776	0.00	20452	7.442GiB / 32GiB
2026-10-01T01:18:29Z	42995860	0.00	20452	7.442GiB / 32GiB
2026-10-01T01:18:35Z	43031684	0.00	20452	7.442GiB / 32GiB
2026-10-01T01:18:41Z	43181008	0.00	20452	7.442GiB / 32GiB
2026-10-01T01:18:47Z	43190908	0.00	20452	7.442GiB / 32GiB
2026-10-01T01:18:53Z	43007264	0.00	20452	7.442GiB / 32GiB
2026-10-01T01:18:59Z	42936996	0.00	20452	7.442GiB / 32GiB
2026-10-01T01:19:05Z	42836616	0.00	20452	7.442GiB / 32GiB
2026-10-01T01:19:11Z	42882056	0.00	20452	7.442GiB / 32GiB
2026-10-01T01:19:17Z	43177196	0.00	20452	7.442GiB / 32GiB
2026-10-01T01:19:23Z	43293464	0.00	20452	7.442GiB / 32GiB
2026-10-01T01:19:29Z	43256828	0.00	20452	7.442GiB / 32GiB
2026-10-01T01:19:35Z	43251948	0.00	20452	7.442GiB / 32GiB
2026-10-01T01:19:41Z	43285928	0.00	20452	7.442GiB / 32GiB
2026-10-01T01:19:47Z	43275060	0.00	20452	7.442GiB / 32GiB
2026-10-01T01:19:53Z	43258764	0.00	20452	7.442GiB / 32GiB
2026-10-01T01:19:59Z	43274508	0.00	20452	7.442GiB / 32GiB
2026-10-01T01:20:05Z	43021100	0.00	20452	7.735GiB / 32GiB
2026-10-01T01:20:11Z	44089800	0.00	20452	6.556GiB / 32GiB
2026-10-01T01:20:17Z	44145748	0.00	20452	6.556GiB / 32GiB
2026-10-01T01:20:24Z	43471280	0.00	20452	7.689GiB / 32GiB
2026-10-01T01:20:30Z	42923276	0.00	20452	7.836GiB / 32GiB
2026-10-01T01:20:36Z	42922232	0.00	20452	7.835GiB / 32GiB
2026-10-01T01:20:42Z	42915112	0.00	20452	7.836GiB / 32GiB
2026-10-01T01:20:48Z	42945228	0.00	20452	7.836GiB / 32GiB
2026-10-01T01:20:54Z	42481972	0.00	20452	8.313GiB / 32GiB
2026-10-01T01:21:00Z	42418800	0.00	20452	8.313GiB / 32GiB
2026-10-01T01:21:06Z	42421556	0.00	20452	8.313GiB / 32GiB
2026-10-01T01:21:12Z	41950404	0.00	20452	8.785GiB / 32GiB
2026-10-01T01:21:18Z	42270644	0.00	20454	8.458GiB / 32GiB
2026-10-01T01:21:24Z	46746344	0.00	20454	4.581GiB / 32GiB
2026-10-01T01:21:30Z	45861524	0.00	20454	5.026GiB / 32GiB
2026-10-01T01:21:36Z	45861536	0.00	20454	5.026GiB / 32GiB
2026-10-01T01:21:42Z	45861852	0.00	20454	5.026GiB / 32GiB
2026-10-01T01:21:48Z	45399572	0.00	20454	5.348GiB / 32GiB
2026-10-01T01:21:54Z	44652776	0.00	20454	6.146GiB / 32GiB
2026-10-01T01:22:00Z	44642020	0.00	20454	6.146GiB / 32GiB
2026-10-01T01:22:06Z	44616100	0.00	20454	6.146GiB / 32GiB
2026-10-01T01:22:12Z	44700580	0.00	20454	6.146GiB / 32GiB
2026-10-01T01:22:18Z	44661684	0.00	20454	6.159GiB / 32GiB
2026-10-01T01:22:24Z	44063452	0.00	20454	6.624GiB / 32GiB
2026-10-01T01:22:30Z	44080548	0.00	20454	6.624GiB / 32GiB
2026-10-01T01:22:37Z	43760036	0.00	20454	7.498GiB / 32GiB
2026-10-01T01:22:43Z	43234540	0.00	20454	7.38GiB / 32GiB
2026-10-01T01:22:49Z	43276848	0.00	20454	7.673GiB / 32GiB
2026-10-01T01:22:55Z	43139708	0.00	20454	7.673GiB / 32GiB
2026-10-01T01:23:01Z	43107592	0.00	20454	7.673GiB / 32GiB
2026-10-01T01:23:07Z	42189024	0.00	20454	8.527GiB / 32GiB
2026-10-01T01:23:13Z	42799956	0.00	20454	7.849GiB / 32GiB
2026-10-01T01:23:19Z	42591920	0.00	20454	8.506GiB / 32GiB
2026-10-01T01:23:25Z	41970552	0.00	20454	8.506GiB / 32GiB
2026-10-01T01:23:31Z	42050040	0.00	20454	8.506GiB / 32GiB
2026-10-01T01:23:37Z	42107300	0.00	20454	8.506GiB / 32GiB
2026-10-01T01:23:43Z	42215880	0.00	20454	8.506GiB / 32GiB
2026-10-01T01:23:49Z	41919356	0.00	20454	8.799GiB / 32GiB
2026-10-01T01:23:55Z	41882840	0.00	20454	8.782GiB / 32GiB
2026-10-01T01:24:01Z	41907532	0.00	20454	8.782GiB / 32GiB
2026-10-01T01:24:07Z	41914504	0.00	20454	8.782GiB / 32GiB
2026-10-01T01:24:13Z	41969840	0.00	20454	8.782GiB / 32GiB
2026-10-01T01:24:19Z	41955636	0.00	20454	8.782GiB / 32GiB
2026-10-01T01:24:25Z	41943008	0.00	20454	8.782GiB / 32GiB
2026-10-01T01:24:32Z	41852476	0.00	20454	8.067GiB / 32GiB
2026-10-01T01:24:38Z	41737532	0.00	20454	8.82GiB / 32GiB
2026-10-01T01:24:44Z	41802620	0.00	20454	8.82GiB / 32GiB
2026-10-01T01:24:50Z	41875348	0.00	20454	8.821GiB / 32GiB
2026-10-01T01:24:56Z	41872192	0.00	20454	8.82GiB / 32GiB
2026-10-01T01:25:02Z	42442012	0.00	20454	8.363GiB / 32GiB
2026-10-01T01:25:08Z	41809608	0.00	20454	8.158GiB / 32GiB
2026-10-01T01:25:14Z	41941600	0.00	20454	8.477GiB / 32GiB
2026-10-01T01:25:20Z	42009776	0.00	20454	8.477GiB / 32GiB
2026-10-01T01:25:26Z	42095016	0.00	20454	8.477GiB / 32GiB
2026-10-01T01:25:32Z	42155504	0.00	20454	8.477GiB / 32GiB
2026-10-01T01:25:38Z	42198920	0.00	20454	8.623GiB / 32GiB
2026-10-01T01:25:44Z	41898808	0.00	20454	8.769GiB / 32GiB
2026-10-01T01:25:50Z	41886840	0.00	20454	8.771GiB / 32GiB
2026-10-01T01:25:56Z	41914976	0.00	20454	8.769GiB / 32GiB
2026-10-01T01:26:02Z	41946876	0.00	20454	8.769GiB / 32GiB
2026-10-01T01:26:08Z	41980260	0.00	20454	8.198GiB / 32GiB
2026-10-01T01:26:14Z	42059996	0.00	20454	8.693GiB / 32GiB
2026-10-01T01:26:20Z	42065012	0.00	20454	8.695GiB / 32GiB
2026-10-01T01:26:26Z	42043264	0.00	20454	8.71GiB / 32GiB
2026-10-01T01:26:32Z	42005268	0.00	20454	8.71GiB / 32GiB
2026-10-01T01:26:39Z	42005540	0.00	20454	8.71GiB / 32GiB
2026-10-01T01:26:45Z	42025612	0.00	20454	7.776GiB / 32GiB
2026-10-01T01:26:51Z	43381708	0.00	20454	7.451GiB / 32GiB
2026-10-01T01:26:57Z	43383208	0.00	20454	7.45GiB / 32GiB
2026-10-01T01:27:03Z	43342512	0.00	20454	7.45GiB / 32GiB
2026-10-01T01:27:09Z	42783980	0.00	20454	8.356GiB / 32GiB
2026-10-01T01:27:15Z	42344196	0.00	20454	8.355GiB / 32GiB
2026-10-01T01:27:21Z	42335692	0.00	20454	8.357GiB / 32GiB
2026-10-01T01:27:27Z	41955720	0.00	20454	8.781GiB / 32GiB
2026-10-01T01:27:33Z	41974096	0.00	20454	8.781GiB / 32GiB
2026-10-01T01:27:39Z	42703340	0.00	20454	8.781GiB / 32GiB
2026-10-01T01:27:45Z	42477884	0.00	20454	8.781GiB / 32GiB
2026-10-01T01:27:51Z	41959084	0.00	20454	8.781GiB / 32GiB
2026-10-01T01:27:57Z	41881616	0.00	20454	8.823GiB / 32GiB
2026-10-01T01:28:03Z	41937096	0.00	20454	8.823GiB / 32GiB
2026-10-01T01:28:09Z	41968412	0.00	20454	8.823GiB / 32GiB
2026-10-01T01:28:15Z	41929516	0.00	20454	8.82GiB / 32GiB
2026-10-01T01:28:21Z	41925736	0.00	20454	8.82GiB / 32GiB
2026-10-01T01:28:27Z	41921180	0.00	20454	8.82GiB / 32GiB
2026-10-01T01:28:33Z	41933148	0.00	20454	8.82GiB / 32GiB
2026-10-01T01:28:39Z	41898116	0.00	20454	8.82GiB / 32GiB
2026-10-01T01:28:46Z	41885952	0.00	20454	8.853GiB / 32GiB
2026-10-01T01:28:52Z	41946200	0.00	20454	8.853GiB / 32GiB
2026-10-01T01:28:58Z	41920640	0.00	20454	8.854GiB / 32GiB
2026-10-01T01:29:04Z	42997352	0.00	20454	7.801GiB / 32GiB
2026-10-01T01:29:10Z	42552640	0.00	20454	8.245GiB / 32GiB
2026-10-01T01:29:16Z	42575452	0.00	20454	8.245GiB / 32GiB
2026-10-01T01:29:22Z	42567896	0.00	20454	8.245GiB / 32GiB
2026-10-01T01:29:28Z	42524568	0.00	20454	8.245GiB / 32GiB
2026-10-01T01:29:34Z	42556124	0.00	20454	8.245GiB / 32GiB
2026-10-01T01:29:40Z	42022384	0.00	20454	8.731GiB / 32GiB
2026-10-01T01:29:46Z	42037064	0.00	20454	8.731GiB / 32GiB
2026-10-01T01:29:52Z	42053288	0.00	20454	8.717GiB / 32GiB
2026-10-01T01:29:58Z	42087608	0.00	20454	8.716GiB / 32GiB
