2026-10-01T00:55:39Z	50768152	0.00	20440	477.1MiB / 32GiB
2026-10-01T00:55:45Z	50819584	0.00	20440	477.1MiB / 32GiB
2026-10-01T00:55:51Z	50750376	0.00	20440	477.1MiB / 32GiB
2026-10-01T00:55:57Z	50760772	0.00	20440	477.1MiB / 32GiB
2026-10-01T00:56:03Z	50390308	0.00	20450	1.24GiB / 32GiB
2026-10-01T00:56:09Z	48695680	0.00	20452	2.167GiB / 32GiB
2026-10-01T00:56:15Z	48713664	0.00	20452	2.167GiB / 32GiB
2026-10-01T00:56:21Z	48723784	0.00	20452	2.167GiB / 32GiB
2026-10-01T00:56:27Z	48802268	0.00	20452	2.167GiB / 32GiB
2026-10-01T00:56:33Z	48871472	0.00	20452	2.167GiB / 32GiB
2026-10-01T00:56:39Z	48910260	0.00	20452	2.167GiB / 32GiB
2026-10-01T00:56:45Z	48958620	0.00	20452	2.167GiB / 32GiB
2026-10-01T00:56:51Z	48966800	0.00	20452	2.167GiB / 32GiB
2026-10-01T00:56:57Z	48976092	0.00	20452	2.167GiB / 32GiB
2026-10-01T00:57:03Z	48954948	0.00	20452	2.167GiB / 32GiB
2026-10-01T00:57:09Z	48939476	0.00	20452	2.167GiB / 32GiB
2026-10-01T00:57:15Z	49010456	0.00	20452	2.167GiB / 32GiB
2026-10-01T00:57:21Z	48975380	0.00	20452	2.167GiB / 32GiB
2026-10-01T00:57:27Z	48977856	0.00	20452	2.167GiB / 32GiB
2026-10-01T00:57:33Z	48937548	0.00	20452	2.167GiB / 32GiB
2026-10-01T00:57:40Z	49447456	0.00	20452	2.167GiB / 32GiB
2026-10-01T00:57:46Z	49213512	0.00	20452	2.167GiB / 32GiB
2026-10-01T00:57:52Z	48593172	0.00	20452	2.167GiB / 32GiB
2026-10-01T00:57:58Z	48776188	0.00	20452	2.167GiB / 32GiB
2026-10-01T00:58:04Z	48833608	0.00	20452	2.167GiB / 32GiB
2026-10-01T00:58:10Z	48831580	0.00	20452	2.172GiB / 32GiB
2026-10-01T00:58:16Z	48965300	0.00	20452	2.167GiB / 32GiB
2026-10-01T00:58:22Z	49034816	0.00	20452	2.167GiB / 32GiB
2026-10-01T00:58:28Z	49018012	0.00	20452	2.167GiB / 32GiB
2026-10-01T00:58:34Z	48992868	0.00	20452	2.168GiB / 32GiB
2026-10-01T00:58:40Z	49024092	0.00	20452	2.169GiB / 32GiB
2026-10-01T00:58:46Z	49008252	0.00	20452	2.168GiB / 32GiB
2026-10-01T00:58:52Z	49035796	0.00	20452	2.168GiB / 32GiB
2026-10-01T00:58:58Z	48693648	0.00	20452	2.471GiB / 32GiB
2026-10-01T00:59:04Z	44229964	0.00	20452	6.649GiB / 32GiB
2026-10-01T00:59:10Z	44266812	0.00	20452	6.65GiB / 32GiB
2026-10-01T00:59:16Z	44291336	0.00	20452	6.649GiB / 32GiB
2026-10-01T00:59:22Z	44252720	0.00	20452	6.649GiB / 32GiB
2026-10-01T00:59:28Z	44295712	0.00	20452	6.649GiB / 32GiB
2026-10-01T00:59:35Z	44300408	0.00	20452	7.116GiB / 32GiB
2026-10-01T00:59:41Z	43805548	0.00	20452	7.116GiB / 32GiB
2026-10-01T00:59:47Z	43792912	0.00	20452	7.095GiB / 32GiB
2026-10-01T00:59:54Z	43278932	0.00	20452	7.442GiB / 32GiB
2026-10-01T01:00:00Z	43317084	0.00	20452	7.442GiB / 32GiB
2026-10-01T01:00:06Z	43274476	0.00	20452	7.442GiB / 32GiB
2026-10-01T01:00:12Z	42777176	0.00	20452	7.442GiB / 32GiB
2026-10-01T01:00:18Z	42487284	0.00	20452	7.442GiB / 32GiB
2026-10-01T01:00:24Z	42263440	0.00	20452	7.442GiB / 32GiB
2026-10-01T01:00:30Z	42073500	0.00	20452	7.442GiB / 32GiB
2026-10-01T01:00:36Z	42160020	0.00	20452	7.442GiB / 32GiB
2026-10-01T01:00:42Z	42238068	0.00	20452	7.442GiB / 32GiB
2026-10-01T01:00:48Z	42276892	0.00	20452	7.442GiB / 32GiB
2026-10-01T01:00:54Z	42343544	0.00	20452	7.442GiB / 32GiB
2026-10-01T01:01:00Z	42371420	0.00	20452	7.442GiB / 32GiB
2026-10-01T01:01:06Z	42404192	0.00	20452	7.442GiB / 32GiB
2026-10-01T01:01:13Z	41744008	0.00	20452	7.442GiB / 32GiB
2026-10-01T01:01:19Z	41876512	0.00	20452	7.442GiB / 32GiB
2026-10-01T01:01:25Z	42939136	0.00	20452	7.442GiB / 32GiB
2026-10-01T01:01:31Z	43120556	0.00	20452	7.442GiB / 32GiB
2026-10-01T01:01:37Z	43138900	0.00	20452	7.442GiB / 32GiB
2026-10-01T01:01:43Z	43031900	0.00	20452	7.442GiB / 32GiB
2026-10-01T01:01:49Z	42986492	0.00	20452	7.442GiB / 32GiB
2026-10-01T01:01:55Z	43022096	0.00	20452	7.442GiB / 32GiB
2026-10-01T01:02:01Z	42900676	0.00	20452	7.442GiB / 32GiB
2026-10-01T01:02:07Z	42973148	0.00	20452	7.442GiB / 32GiB
2026-10-01T01:02:13Z	42985268	0.00	20452	7.442GiB / 32GiB
2026-10-01T01:02:19Z	42879812	0.00	20452	7.442GiB / 32GiB
2026-10-01T01:02:25Z	42304692	0.00	20452	7.442GiB / 32GiB
2026-10-01T01:02:31Z	41969848	0.00	20452	7.442GiB / 32GiB
2026-10-01T01:02:37Z	42227608	0.00	20452	7.736GiB / 32GiB
2026-10-01T01:02:43Z	42724504	0.00	20452	6.556GiB / 32GiB
2026-10-01T01:02:49Z	43067996	0.00	20452	6.556GiB / 32GiB
2026-10-01T01:02:55Z	41649656	0.00	20452	7.373GiB / 32GiB
2026-10-01T01:03:02Z	42487652	0.00	20452	7.836GiB / 32GiB
2026-10-01T01:03:08Z	42573584	0.00	20452	7.836GiB / 32GiB
2026-10-01T01:03:14Z	42694044	0.00	20452	7.836GiB / 32GiB
2026-10-01T01:03:20Z	42835156	0.00	20452	7.835GiB / 32GiB
2026-10-01T01:03:26Z	42344296	0.00	20452	8.313GiB / 32GiB
2026-10-01T01:03:32Z	42330740	0.00	20452	8.313GiB / 32GiB
2026-10-01T01:03:38Z	42360644	0.00	20452	8.313GiB / 32GiB
2026-10-01T01:03:44Z	42368784	0.00	20452	8.785GiB / 32GiB
2026-10-01T01:03:50Z	42252624	0.00	20454	8.449GiB / 32GiB
2026-10-01T01:03:56Z	46664288	0.00	20454	4.118GiB / 32GiB
2026-10-01T01:04:02Z	45645144	0.00	20454	5.026GiB / 32GiB
2026-10-01T01:04:08Z	45661616	0.00	20454	5.026GiB / 32GiB
2026-10-01T01:04:14Z	45746984	0.00	20454	5.026GiB / 32GiB
2026-10-01T01:04:20Z	45756332	0.00	20454	5.031GiB / 32GiB
2026-10-01T01:04:26Z	45132836	0.00	20454	6.146GiB / 32GiB
2026-10-01T01:04:32Z	44548912	0.00	20454	6.146GiB / 32GiB
2026-10-01T01:04:38Z	44549192	0.00	20454	6.146GiB / 32GiB
2026-10-01T01:04:44Z	44620828	0.00	20454	6.146GiB / 32GiB
2026-10-01T01:04:50Z	44717756	0.00	20454	6.159GiB / 32GiB
2026-10-01T01:04:56Z	44119908	0.00	20454	6.624GiB / 32GiB
2026-10-01T01:05:02Z	44087936	0.00	20454	6.624GiB / 32GiB
2026-10-01T01:05:09Z	43671044	0.00	20454	7.063GiB / 32GiB
2026-10-01T01:05:15Z	43166260	0.00	20454	7.38GiB / 32GiB
2026-10-01T01:05:21Z	43194724	0.00	20454	7.38GiB / 32GiB
