2026-10-01T01:51:03Z	50755984	0.00	9	312.1MiB / 44GiB
2026-10-01T01:51:09Z	50464012	0.00	9	802MiB / 44GiB
2026-10-01T01:51:15Z	50389472	0.00	9	955.5MiB / 44GiB
2026-10-01T01:51:21Z	50312472	0.00	9	1.163GiB / 44GiB
2026-10-01T01:51:27Z	49817468	0.00	9	1.701GiB / 44GiB
2026-10-01T01:51:33Z	49016112	0.00	12	1.441GiB / 44GiB
2026-10-01T01:51:39Z	49494140	0.00	12	2.214GiB / 44GiB
2026-10-01T01:51:45Z	48922472	0.00	12	2.673GiB / 44GiB
2026-10-01T01:51:51Z	48384464	0.00	4162	3.271GiB / 44GiB
2026-10-01T01:51:58Z	48415132	0.00	17978	4.207GiB / 44GiB
2026-10-01T01:52:04Z	48423648	0.00	17978	5.113GiB / 44GiB
2026-10-01T01:52:10Z	48484916	0.00	17978	6.057GiB / 44GiB
2026-10-01T01:52:16Z	48660672	0.00	17978	7.084GiB / 44GiB
2026-10-01T01:52:22Z	48589604	0.00	17978	8.069GiB / 44GiB
2026-10-01T01:52:28Z	48538472	0.00	17978	3.132GiB / 44GiB
2026-10-01T01:52:34Z	48499428	0.00	17978	4.086GiB / 44GiB
2026-10-01T01:52:40Z	48527124	0.00	17978	5.085GiB / 44GiB
2026-10-01T01:52:46Z	48513300	0.00	17978	6.015GiB / 44GiB
2026-10-01T01:52:52Z	48532628	0.00	17978	6.967GiB / 44GiB
2026-10-01T01:52:58Z	48490984	0.00	17978	7.919GiB / 44GiB
2026-10-01T01:53:04Z	48495516	0.00	17978	8.842GiB / 44GiB
2026-10-01T01:53:10Z	48528556	0.00	17978	9.807GiB / 44GiB
2026-10-01T01:53:16Z	48539404	0.00	17978	10.8GiB / 44GiB
2026-10-01T01:53:22Z	48505388	0.00	17978	11.76GiB / 44GiB
2026-10-01T01:53:28Z	48505116	0.00	17978	12.7GiB / 44GiB
2026-10-01T01:53:34Z	48518796	0.00	17978	13.7GiB / 44GiB
2026-10-01T01:53:40Z	48511252	0.00	17978	14.59GiB / 44GiB
2026-10-01T01:53:46Z	48423704	0.00	17458	14.92GiB / 44GiB
2026-10-01T01:53:52Z	48337928	0.00	17458	14.94GiB / 44GiB
2026-10-01T01:53:59Z	48259484	0.00	17458	15.04GiB / 44GiB
2026-10-01T01:54:05Z	48224328	0.00	19900	15.05GiB / 44GiB
2026-10-01T01:54:11Z	48238132	0.00	17720	15.07GiB / 44GiB
2026-10-01T01:54:17Z	48250172	0.00	17720	15.08GiB / 44GiB
2026-10-01T01:54:23Z	48140736	0.00	17720	15.12GiB / 44GiB
2026-10-01T01:54:29Z	47891184	0.00	17836	15.33GiB / 44GiB
2026-10-01T01:54:35Z	47825636	0.00	17836	15.36GiB / 44GiB
2026-10-01T01:54:41Z	47902516	0.00	17838	15.37GiB / 44GiB
2026-10-01T01:54:47Z	47899992	0.00	17838	15.4GiB / 44GiB
2026-10-01T01:54:53Z	47813984	0.00	17840	15.41GiB / 44GiB
2026-10-01T01:54:59Z	47746616	0.00	17840	15.46GiB / 44GiB
2026-10-01T01:55:05Z	47705236	0.00	17842	15.45GiB / 44GiB
2026-10-01T01:55:11Z	47833004	0.00	17842	15.45GiB / 44GiB
2026-10-01T01:55:17Z	47870600	0.00	17842	15.47GiB / 44GiB
2026-10-01T01:55:23Z	47698676	0.00	17838	15.48GiB / 44GiB
2026-10-01T01:55:29Z	47577156	0.00	21526	15.83GiB / 44GiB
2026-10-01T01:55:35Z	46966284	0.00	21552	15.92GiB / 44GiB
2026-10-01T01:55:41Z	46859876	0.00	21552	15.99GiB / 44GiB
2026-10-01T01:55:47Z	46842860	0.00	21610	16.18GiB / 44GiB
2026-10-01T01:55:53Z	46708472	0.00	21758	16.18GiB / 44GiB
2026-10-01T01:55:59Z	46585680	0.00	21758	16.23GiB / 44GiB
2026-10-01T01:56:05Z	46723720	0.00	21758	16.23GiB / 44GiB
2026-10-01T01:56:12Z	46766872	0.00	21758	16.23GiB / 44GiB
2026-10-01T01:56:18Z	46770948	0.00	21758	16.23GiB / 44GiB
2026-10-01T01:56:24Z	46829712	0.00	21758	16.23GiB / 44GiB
2026-10-01T01:56:30Z	46787420	0.00	21938	16.23GiB / 44GiB
2026-10-01T01:56:36Z	46791796	0.00	21938	16.23GiB / 44GiB
2026-10-01T01:56:42Z	46880940	0.00	21938	16.23GiB / 44GiB
2026-10-01T01:56:48Z	46868052	0.00	21938	16.23GiB / 44GiB
2026-10-01T01:56:54Z	46789040	0.00	21938	16.23GiB / 44GiB
2026-10-01T01:57:00Z	46861752	0.00	21938	16.23GiB / 44GiB
2026-10-01T01:57:06Z	46819332	0.00	21938	16.23GiB / 44GiB
2026-10-01T01:57:12Z	46843540	0.00	21938	16.23GiB / 44GiB
2026-10-01T01:57:18Z	46303696	0.00	21938	16.23GiB / 44GiB
2026-10-01T01:57:24Z	46079204	0.00	21938	16.24GiB / 44GiB
2026-10-01T01:57:30Z	45898624	0.00	21938	16.24GiB / 44GiB
2026-10-01T01:57:36Z	45833992	0.00	21938	16.23GiB / 44GiB
2026-10-01T01:57:42Z	46456028	0.00	21938	16.23GiB / 44GiB
2026-10-01T01:57:48Z	46544060	0.00	21938	16.23GiB / 44GiB
2026-10-01T01:57:54Z	46676116	0.00	21938	16.23GiB / 44GiB
2026-10-01T01:58:00Z	46720912	0.00	21938	16.23GiB / 44GiB
2026-10-01T01:58:07Z	46864048	0.00	21938	16.23GiB / 44GiB
2026-10-01T01:58:13Z	46664560	0.00	21938	16.23GiB / 44GiB
2026-10-01T01:58:19Z	46497880	0.00	21938	16.23GiB / 44GiB
2026-10-01T01:58:25Z	46429328	0.00	21938	16.23GiB / 44GiB
2026-10-01T01:58:31Z	46318972	0.00	21938	16.23GiB / 44GiB
2026-10-01T01:58:37Z	46801272	0.00	21938	16.23GiB / 44GiB
2026-10-01T01:58:43Z	46836672	0.00	21938	16.23GiB / 44GiB
2026-10-01T01:58:49Z	46834840	0.00	21938	16.23GiB / 44GiB
2026-10-01T01:58:55Z	46808540	0.00	21938	16.23GiB / 44GiB
2026-10-01T01:59:01Z	46692800	0.00	21938	16.23GiB / 44GiB
2026-10-01T01:59:07Z	46718824	0.00	21938	16.23GiB / 44GiB
2026-10-01T01:59:13Z	46566192	0.00	21938	16.23GiB / 44GiB
2026-10-01T01:59:19Z	46738044	0.00	21938	16.23GiB / 44GiB
2026-10-01T01:59:25Z	46573124	0.00	21938	16.23GiB / 44GiB
2026-10-01T01:59:31Z	46518768	0.00	21938	16.23GiB / 44GiB
2026-10-01T01:59:37Z	46454032	0.00	21938	16.23GiB / 44GiB
2026-10-01T01:59:43Z	46843748	0.00	21938	16.23GiB / 44GiB
2026-10-01T01:59:49Z	46638112	0.00	21938	16.23GiB / 44GiB
2026-10-01T01:59:55Z	46632556	0.00	21938	16.23GiB / 44GiB
2026-10-01T02:00:01Z	46629156	0.00	21938	16.23GiB / 44GiB
2026-10-01T02:00:07Z	46590248	0.00	21938	16.23GiB / 44GiB
2026-10-01T02:00:14Z	46684524	0.00	21938	16.23GiB / 44GiB
2026-10-01T02:00:20Z	46559740	0.00	21938	16.23GiB / 44GiB
2026-10-01T02:00:26Z	46053196	0.00	21938	16.24GiB / 44GiB
2026-10-01T02:00:32Z	45877724	0.00	21938	16.23GiB / 44GiB
2026-10-01T02:00:38Z	45603148	0.00	21938	16.23GiB / 44GiB
2026-10-01T02:00:44Z	45462644	0.00	21938	16.24GiB / 44GiB
2026-10-01T02:00:50Z	45349520	0.00	21938	16.23GiB / 44GiB
2026-10-01T02:00:56Z	46558096	0.00	21938	16.23GiB / 44GiB
2026-10-01T02:01:02Z	46524992	0.00	21938	16.23GiB / 44GiB
2026-10-01T02:01:08Z	46639944	0.00	21938	16.23GiB / 44GiB
2026-10-01T02:01:14Z	46702832	0.00	21938	16.24GiB / 44GiB
2026-10-01T02:01:20Z	46365720	0.00	21938	16.24GiB / 44GiB
2026-10-01T02:01:26Z	46436200	0.00	21938	16.24GiB / 44GiB
2026-10-01T02:01:32Z	46402584	0.00	21938	16.24GiB / 44GiB
2026-10-01T02:01:38Z	46492924	0.00	21938	16.24GiB / 44GiB
2026-10-01T02:01:44Z	46527668	0.00	21938	16.24GiB / 44GiB
2026-10-01T02:01:50Z	45981600	0.00	21938	16.24GiB / 44GiB
2026-10-01T02:01:57Z	46117140	0.00	21938	16.24GiB / 44GiB
2026-10-01T02:02:03Z	46302192	0.00	21938	16.24GiB / 44GiB
2026-10-01T02:02:09Z	46264576	0.00	21938	16.24GiB / 44GiB
2026-10-01T02:02:15Z	46029184	0.00	21938	16.24GiB / 44GiB
2026-10-01T02:02:21Z	45917432	0.00	21938	16.24GiB / 44GiB
2026-10-01T02:02:27Z	45844636	0.00	21938	16.24GiB / 44GiB
2026-10-01T02:02:33Z	46272496	0.00	21938	16.24GiB / 44GiB
2026-10-01T02:02:39Z	45969652	0.00	21938	16.24GiB / 44GiB
2026-10-01T02:02:45Z	45368292	0.00	21938	16.24GiB / 44GiB
2026-10-01T02:02:51Z	46154520	0.00	21938	16.24GiB / 44GiB
2026-10-01T02:02:57Z	45310928	0.00	21938	16.24GiB / 44GiB
2026-10-01T02:03:03Z	45792468	0.00	21938	16.24GiB / 44GiB
2026-10-01T02:03:09Z	45152744	0.00	21938	16.24GiB / 44GiB
2026-10-01T02:03:15Z	45410892	0.00	21938	16.24GiB / 44GiB
2026-10-01T02:03:21Z	46260724	0.18	21938	3.753GiB / 44GiB
2026-10-01T02:03:27Z	45832516	0.09	21938	3.753GiB / 44GiB
2026-10-01T02:03:33Z	46245504	0.05	21938	3.753GiB / 44GiB
2026-10-01T02:03:39Z	45594960	0.02	21938	3.753GiB / 44GiB
2026-10-01T02:03:46Z	45994004	0.01	21938	3.753GiB / 44GiB
2026-10-01T02:03:52Z	44993940	0.00	21938	3.754GiB / 44GiB
2026-10-01T02:03:58Z	45336280	0.00	21938	3.753GiB / 44GiB
2026-10-01T02:04:04Z	45985804	0.00	21938	3.752GiB / 44GiB
2026-10-01T02:04:10Z	45296740	0.00	21938	3.753GiB / 44GiB
2026-10-01T02:04:16Z	45736260	0.00	21938	3.752GiB / 44GiB
2026-10-01T02:04:22Z	44738764	0.00	21938	3.753GiB / 44GiB
2026-10-01T02:04:28Z	44976016	0.00	21938	3.753GiB / 44GiB
2026-10-01T02:04:34Z	46013096	0.00	21938	3.753GiB / 44GiB
2026-10-01T02:04:40Z	45275652	0.00	21938	3.753GiB / 44GiB
2026-10-01T02:04:46Z	45239800	0.00	21938	3.753GiB / 44GiB
2026-10-01T02:04:52Z	45724068	0.00	21938	3.753GiB / 44GiB
2026-10-01T02:04:58Z	45282168	0.00	21938	3.753GiB / 44GiB
2026-10-01T02:05:04Z	45300456	0.00	21938	3.753GiB / 44GiB
2026-10-01T02:05:10Z	45839488	0.00	21938	3.753GiB / 44GiB
2026-10-01T02:05:16Z	45743664	0.00	21938	3.752GiB / 44GiB
2026-10-01T02:05:22Z	45207384	0.00	21938	3.753GiB / 44GiB
2026-10-01T02:05:28Z	45363016	0.00	21938	3.753GiB / 44GiB
2026-10-01T02:05:34Z	46117008	0.00	21938	3.752GiB / 44GiB
2026-10-01T02:05:40Z	45309920	0.00	21938	3.753GiB / 44GiB
2026-10-01T02:05:46Z	45510424	0.00	21938	3.753GiB / 44GiB
2026-10-01T02:05:53Z	45529976	0.00	21938	3.753GiB / 44GiB
2026-10-01T02:05:59Z	44954456	0.00	21938	3.753GiB / 44GiB
2026-10-01T02:06:05Z	45342672	0.00	21938	3.753GiB / 44GiB
2026-10-01T02:06:11Z	45489796	0.00	21938	3.753GiB / 44GiB
2026-10-01T02:06:17Z	45764432	0.00	21938	3.753GiB / 44GiB
2026-10-01T02:06:23Z	45007536	0.00	21938	3.753GiB / 44GiB
2026-10-01T02:06:29Z	45695920	0.00	21938	3.753GiB / 44GiB
2026-10-01T02:06:35Z	45257148	0.00	21938	3.753GiB / 44GiB
2026-10-01T02:06:41Z	45620340	0.00	21938	3.753GiB / 44GiB
2026-10-01T02:06:47Z	45451428	0.00	21938	3.753GiB / 44GiB
2026-10-01T02:06:53Z	45435472	0.00	21938	3.753GiB / 44GiB
